id,name,position,team,old_height,new_height,old_inches,new_inches,diff_inches
666310,Bo Naylor,C,,"6'0""","5'9""",72,69,-3
547179,Michael Lorenzen,P,,"6'3""","6'1""",75,73,-2
682668,Luisangel Acuña,2B,,"5'8""","5'7""",68,67,-1
677942,Blaze Alexander,SS,,"6'0""","5'11""",72,71,-1
669397,Nick Allen,SS,,"5'8""","5'7""",68,67,-1
686948,Drake Baldwin,C,,"6'1""","6'0""",73,72,-1
680718,Addison Barger,3B,,"6'0""","5'11""",72,71,-1
663698,Joey Bart,C,,"6'3""","6'2""",75,74,-1
643217,Andrew Benintendi,LF,,"5'10""","5'9""",70,69,-1
605141,Mookie Betts,SS,,"5'10""","5'9""",70,69,-1
664761,Alec Bohm,3B,,"6'5""","6'4""",77,76,-1
608324,Alex Bregman,3B,,"5'11""","5'10""",71,70,-1
683737,Michael Busch,1B,,"6'0""","5'11""",72,71,-1
676130,José Buttó,P,,"6'1""","6'0""",73,72,-1
621439,Byron Buxton,CF,,"6'2""","6'1""",74,73,-1
676609,José Caballero,SS,,"5'10""","5'9""",70,69,-1
695506,Jac Caglianone,RF,,"6'5""","6'4""",77,76,-1
666185,Dylan Carlson,LF,,"6'2""","6'1""",74,73,-1
694497,Evan Carter,CF,,"6'3""","6'2""",75,74,-1
664199,Taylor Clarke,P,,"6'4""","6'3""",76,75,-1
575929,Willson Contreras,1B,,"6'1""","6'0""",73,72,-1
630105,Jake Cronenworth,2B,,"6'0""","5'11""",72,71,-1
680779,Henry Davis,C,,"6'0""","5'11""",72,71,-1
676356,Jonny DeLuca,CF,,"5'11""","5'10""",71,70,-1
650490,Yandy Díaz,1B,,"6'1""","6'0""",73,72,-1
643289,Mauricio Dubón,2B,,"6'0""","5'11""",72,71,-1
680776,Jarren Duran,LF,,"6'1""","6'0""",73,72,-1
702332,Caleb Durbin,3B,,"5'7""","5'6""",67,66,-1
669289,Santiago Espinal,3B,,"5'10""","5'9""",70,69,-1
664034,Ty France,1B,,"5'11""","5'10""",71,70,-1
690976,Alex Freeland,SS,,"6'0""","5'11""",72,71,-1
693304,Nick Gonzales,2B,,"5'9""","5'8""",69,68,-1
696100,Hunter Goodman,C,,"6'0""","5'11""",72,71,-1
666152,David Hamilton,2B,,"5'11""","5'10""",71,70,-1
664023,Ian Happ,LF,,"5'11""","5'10""",71,70,-1
547180,Bryce Harper,1B,,"6'2""","6'1""",74,73,-1
671739,Michael Harris II,CF,,"6'0""","5'11""",72,71,-1
669720,Austin Hays,LF,,"5'11""","5'10""",71,70,-1
681715,Heriberto Hernández,LF,,"6'0""","5'11""",72,71,-1
687462,Spencer Horwitz,1B,,"5'11""","5'10""",71,70,-1
663697,Jonathan India,2B,,"5'11""","5'10""",71,70,-1
680777,Ryan Jeffers,C,,"6'3""","6'2""",75,74,-1
669369,Bryce Johnson,CF,,"6'0""","5'11""",72,71,-1
692216,CJ Kayfus,1B,,"6'0""","5'11""",72,71,-1
657656,Ramón Laureano,RF,,"5'10""","5'9""",70,69,-1
686797,Brooks Lee,3B,,"6'1""","6'0""",73,72,-1
679845,Nick Loftin,LF,,"6'0""","5'11""",72,71,-1
664040,Brandon Lowe,2B,,"5'10""","5'9""",70,69,-1
666139,Josh Lowe,RF,,"6'4""","6'3""",76,75,-1
663968,Jake Mangum,LF,,"6'0""","5'11""",72,71,-1
700932,Kyle Manzardo,1B,,"6'0""","5'11""",72,71,-1
668885,Austin Martin,CF,,"5'11""","5'10""",71,70,-1
622761,Jorge Mateo,SS,,"6'1""","6'0""",73,72,-1
694728,Brice Matthews,SS,,"5'11""","5'10""",71,70,-1
543510,James McCann,C,,"6'3""","6'2""",75,74,-1
664983,Jake McCarthy,CF,,"6'1""","6'0""",73,72,-1
656716,Zach McKinstry,3B,,"6'0""","5'11""",72,71,-1
680574,Matt McLain,2B,,"5'9""","5'8""",69,68,-1
805367,Chase Meidroth,SS,,"5'10""","5'9""",70,69,-1
701538,Jackson Merrill,CF,,"6'3""","6'2""",75,74,-1
686452,Drew Millas,C,,"6'1""","6'0""",73,72,-1
666160,Mickey Moniak,RF,,"6'2""","6'1""",74,73,-1
656775,Cedric Mullins,CF,,"5'8""","5'7""",68,67,-1
665966,Carlos Narváez,C,,"6'0""","5'11""",72,71,-1
607043,Brandon Nimmo,LF,,"6'2""","6'1""",74,73,-1
641933,Tyler O'Neill,RF,,"5'10""","5'9""",70,69,-1
680700,Richie Palacios,LF,,"5'9""","5'8""",69,68,-1
665161,Jeremy Peña,SS,,"6'1""","6'0""",73,72,-1
521692,Salvador Perez,C,,"6'3""","6'2""",75,74,-1
608701,Rob Refsnyder,RF,,"6'0""","5'11""",72,71,-1
650859,Luis Rengifo,3B,,"5'10""","5'9""",70,69,-1
663586,Austin Riley,3B,,"6'2""","6'1""",74,73,-1
660844,Leo Rivas,2B,,"5'8""","5'7""",68,67,-1
668670,Jake Rogers,C,,"6'0""","5'11""",72,71,-1
500743,Miguel Rojas,2B,,"5'11""","5'10""",71,70,-1
642708,Amed Rosario,3B,,"6'2""","6'1""",74,73,-1
660688,Keibert Ruiz,C,,"6'0""","5'11""",72,71,-1
668939,Adley Rutschman,C,,"6'2""","6'1""",74,73,-1
695336,Thomas Saggese,2B,,"5'11""","5'10""",71,70,-1
660821,Jesús Sánchez,RF,,"6'4""","6'3""",76,75,-1
676914,Davis Schneider,LF,,"5'9""","5'8""",69,68,-1
687363,Victor Scott II,CF,,"5'11""","5'10""",71,70,-1
624585,Jorge Soler,RF,,"6'4""","6'3""",76,75,-1
624641,Edmundo Sosa,2B,,"6'0""","5'11""",72,71,-1
519317,Giancarlo Stanton,DH,,"6'6""","6'5""",78,77,-1
681082,Bryson Stott,2B,,"6'1""","6'0""",73,72,-1
621438,Tyrone Taylor,CF,,"6'1""","6'0""",73,72,-1
677588,José Tena,3B,,"5'11""","5'10""",71,70,-1
669326,Bryce Teodosio,CF,,"6'3""","6'2""",75,74,-1
686475,Tyler Tolbert,2B,,"5'11""","5'10""",71,70,-1
650402,Gleyber Torres,2B,,"5'11""","5'10""",71,70,-1
545361,Mike Trout,RF,,"6'2""","6'1""",74,73,-1
663656,Kyle Tucker,RF,,"6'4""","6'3""",76,75,-1
663837,Matt Vierling,CF,,"6'2""","6'1""",74,73,-1
668723,Ryan Vilade,RF,,"6'2""","6'1""",74,73,-1
642201,Eli White,RF,,"6'3""","6'2""",75,74,-1
700246,Carson Williams,SS,,"6'2""","6'1""",74,73,-1
695578,James Wood,LF,,"6'7""","6'6""",79,78,-1
573262,Mike Yastrzemski,RF,,"5'11""","5'10""",71,70,-1
694377,Nick Yorke,2B,,"6'0""","5'11""",72,71,-1
702284,Cole Young,2B,,"5'11""","5'10""",71,70,-1
671096,Andrew Abbott,P,,"6'0""","6'0""",72,72,0
690953,Mick Abel,P,,"6'5""","6'5""",77,77,0
682928,CJ Abrams,SS,,"6'0""","6'0""",72,72,0
650556,Bryan Abreu,P,,"6'1""","6'1""",73,73,0
677800,Wilyer Abreu,RF,,"5'10""","5'10""",70,70,0
660670,Ronald Acuña Jr.,RF,,"6'0""","6'0""",72,72,0
642715,Willy Adames,SS,,"6'0""","6'0""",72,72,0
666176,Jo Adell,CF,,"6'2""","6'2""",74,74,0
688642,Zach Agnos,P,,"6'0""","6'0""",72,72,0
645277,Ozzie Albies,2B,,"5'7""","5'7""",67,67,0
645261,Sandy Alcantara,P,,"6'5""","6'5""",77,77,0
641302,Tyler Alexander,P,,"6'1""","6'1""",73,73,0
624413,Pete Alonso,1B,,"6'3""","6'3""",75,75,0
514888,Jose Altuve,LF,,"5'6""","5'6""",66,66,0
621237,José Alvarado,P,,"6'2""","6'2""",74,74,0
682626,Francisco Alvarez,C,,"5'10""","5'10""",70,70,0
670541,Yordan Alvarez,LF,,"6'4""","6'4""",76,76,0
665804,Miguel Amaya,C,,"6'1""","6'1""",73,73,0
681982,Grant Anderson,P,,"6'0""","6'0""",72,72,0
609280,Miguel Andujar,LF,,"6'0""","6'0""",72,72,0
701350,Roman Anthony,RF,,"6'3""","6'3""",75,75,0
666018,Jonathan Aranda,1B,,"6'0""","6'0""",72,72,0
571448,Nolan Arenado,3B,,"6'2""","6'2""",74,74,0
672356,Gabriel Arias,SS,,"6'1""","6'1""",73,73,0
542888,Shawn Armstrong,P,,"6'2""","6'2""",74,74,0
668227,Randy Arozarena,LF,,"5'10""","5'10""",70,70,0
676879,Aaron Ashby,P,,"6'0""","6'0""",72,72,0
677952,Braxton Ashcraft,P,,"6'5""","6'5""",77,77,0
668933,Graham Ashcraft,P,,"6'2""","6'2""",74,74,0
669199,Lake Bachar,P,,"6'2""","6'2""",74,74,0
696147,Sam Bachman,P,,"6'1""","6'1""",73,73,0
679775,Kyle Backhus,P,,"6'4""","6'4""",76,76,0
664056,Harrison Bader,LF,,"5'11""","5'11""",71,71,0
595879,Javier Báez,CF,,"5'11""","5'11""",71,71,0
672275,Patrick Bailey,C,,"6'0""","6'0""",72,72,0
641329,Bryan Baker,P,,"6'6""","6'6""",78,78,0
694208,Moisés Ballesteros,C,,"5'8""","5'8""",68,68,0
607455,Anthony Banda,P,,"6'2""","6'2""",74,74,0
621383,Tanner Banks,P,,"6'1""","6'1""",73,73,0
682995,Hunter Barco,P,,"6'4""","6'4""",76,76,0
605130,Scott Barlow,P,,"6'3""","6'3""",75,75,0
678489,Jorge Barrosa,LF,,"5'6""","5'6""",66,66,0
694212,Samuel Basallo,C,,"6'4""","6'4""",76,76,0
605135,Chris Bassitt,P,,"6'5""","6'5""",77,77,0
683146,Brett Baty,3B,,"6'3""","6'3""",75,75,0
641343,Jake Bauers,1B,,"6'0""","6'0""",72,72,0
669358,Shane Baz,P,,"6'3""","6'3""",75,75,0
660825,Eduard Bazardo,P,,"6'0""","6'0""",72,72,0
687637,Dylan Beavers,RF,,"6'5""","6'5""",77,77,0
687597,Jordan Beck,LF,,"6'2""","6'2""",74,74,0
670280,David Bednar,P,,"6'1""","6'1""",73,73,0
656222,Jalen Beeks,P,,"5'11""","5'11""",71,71,0
690925,Clayton Beeter,P,,"6'2""","6'2""",74,74,0
605137,Josh Bell,1B,,"6'3""","6'3""",75,75,0
641355,Cody Bellinger,LF,,"6'3""","6'3""",75,75,0
678394,Brayan Bello,P,,"6'1""","6'1""",73,73,0
669622,Anthony Bender,P,,"6'4""","6'4""",76,76,0
666181,Will Benson,LF,,"6'4""","6'4""",76,76,0
657514,Brennan Bernardino,P,,"6'4""","6'4""",76,76,0
676440,Tanner Bibee,P,,"6'2""","6'2""",74,74,0
666182,Bo Bichette,SS,,"5'11""","5'11""",71,71,0
656234,Jake Bird,P,,"6'3""","6'3""",75,75,0
621112,Paul Blackburn,P,,"6'1""","6'1""",73,73,0
669208,Ryan Bliss,2B,,"5'7""","5'7""",67,67,0
805123,AJ Blubaugh,P,,"6'2""","6'2""",74,74,0
593428,Xander Bogaerts,SS,,"6'2""","6'2""",74,74,0
621366,Ryan Borucki,P,,"6'4""","6'4""",76,76,0
680742,Jonathan Bowlan,P,,"6'6""","6'6""",78,78,0
571510,Matthew Boyd,P,,"6'3""","6'3""",75,75,0
671212,Joe Boyle,P,,"6'8""","6'8""",80,80,0
680694,Kyle Bradish,P,,"6'3""","6'3""",75,75,0
671737,Taj Bradley,P,,"6'2""","6'2""",74,74,0
666374,Matt Brash,P,,"6'1""","6'1""",73,73,0
623211,Huascar Brazobán,P,,"6'3""","6'3""",75,75,0
641401,Connor Brogdon,P,,"6'6""","6'6""",78,78,0
676962,Ben Brown,P,,"6'6""","6'6""",78,78,0
686613,Hunter Brown,P,,"6'2""","6'2""",74,74,0
677865,Justin Bruihl,P,,"6'2""","6'2""",74,74,0
663460,Kris Bubic,P,,"6'3""","6'3""",75,75,0
621111,Walker Buehler,P,,"6'2""","6'2""",74,74,0
607481,Aaron Bummer,P,,"6'3""","6'3""",75,75,0
669394,Jake Burger,1B,,"6'0""","6'0""",72,72,0
656271,Brock Burke,P,,"6'4""","6'4""",76,76,0
680732,Sean Burke,P,,"6'6""","6'6""",78,78,0
676475,Alec Burleson,1B,,"6'0""","6'0""",72,72,0
695505,Chase Burns,P,,"6'3""","6'3""",75,75,0
681347,Mike Burrows,P,,"6'1""","6'1""",73,73,0
665795,Edward Cabrera,P,,"6'5""","6'5""",77,77,0
669743,Alex Call,RF,,"5'11""","5'11""",71,71,0
702070,Noah Cameron,P,,"6'3""","6'3""",75,75,0
691406,Junior Caminero,3B,,"6'1""","6'1""",73,73,0
669134,Luis Campusano,C,,"5'10""","5'10""",70,70,0
666974,Yennier Cano,P,,"6'4""","6'4""",76,76,0
676282,Joey Cantillo,P,,"6'4""","6'4""",76,76,0
686527,Dominic Canzone,RF,,"6'0""","6'0""",72,72,0
605170,Victor Caratini,C,,"6'0""","6'0""",72,72,0
681481,Kerry Carpenter,RF,,"6'1""","6'1""",73,73,0
682998,Corbin Carroll,RF,,"5'10""","5'10""",70,70,0
676508,Ben Casparius,P,,"6'2""","6'2""",74,74,0
592206,Nick Castellanos,RF,,"6'3""","6'3""",75,75,0
622491,Luis Castillo,P,,"6'2""","6'2""",74,74,0
650489,Willi Castro,LF,,"6'0""","6'0""",72,72,0
676917,Cade Cavalli,P,,"6'4""","6'4""",76,76,0
656302,Dylan Cease,P,,"6'2""","6'2""",74,74,0
677944,Slade Cecconi,P,,"6'4""","6'4""",76,76,0
696149,Bubba Chandler,P,,"6'3""","6'3""",75,75,0
665953,Andrés Chaparro,1B,,"6'0""","6'0""",72,72,0
547973,Aroldis Chapman,P,,"6'4""","6'4""",76,76,0
656305,Matt Chapman,3B,,"6'1""","6'1""",73,73,0
665862,Jazz Chisholm Jr.,2B,,"5'11""","5'11""",71,71,0
701675,Nathan Church,LF,,"5'10""","5'10""",70,70,0
650644,Aaron Civale,P,,"6'1""","6'1""",73,73,0
664076,Garrett Cleavinger,P,,"6'1""","6'1""",73,73,0
665019,Kody Clemens,2B,,"6'0""","6'0""",72,72,0
686555,Isaac Collins,LF,,"5'8""","5'8""",68,68,0
624424,Michael Conforto,LF,,"5'11""","5'11""",71,71,0
665052,Griffin Conine,LF,,"6'1""","6'1""",73,73,0
661388,William Contreras,C,,"5'10""","5'10""",70,70,0
695257,Billy Cook,OF,,"6'0""","6'0""",72,72,0
621043,Carlos Correa,SS,,"6'3""","6'3""",75,75,0
543056,Danny Coulombe,P,,"5'10""","5'10""",70,70,0
681297,Colton Cowser,LF,,"6'3""","6'3""",75,75,0
681867,Cooper Criswell,P,,"6'6""","6'6""",78,78,0
676979,Garrett Crochet,P,,"6'6""","6'6""",78,78,0
691718,Pete Crow-Armstrong,CF,,"6'0""","6'0""",72,72,0
518585,Fernando Cruz,P,,"6'2""","6'2""",74,74,0
665833,Oneil Cruz,CF,,"6'7""","6'7""",79,79,0
518595,Travis d'Arnaud,C,,"6'0""","6'0""",72,72,0
594798,Jacob deGrom,P,,"6'4""","6'4""",76,76,0
672282,Reid Detmers,P,,"6'2""","6'2""",74,74,0
646240,Rafael Devers,DH,,"6'0""","6'0""",72,72,0
621242,Edwin Díaz,P,,"6'3""","6'3""",75,75,0
673237,Yainer Diaz,C,,"5'11""","5'11""",71,71,0
693307,Dillon Dingler,C,,"6'1""","6'1""",73,73,0
801403,Chase Dollander,P,,"6'2""","6'2""",74,74,0
622554,Seranthony Domínguez,P,,"6'1""","6'1""",73,73,0
680977,Brendan Donovan,2B,,"5'11""","5'11""",71,71,0
666808,Camilo Doval,P,,"6'2""","6'2""",74,74,0
686668,Brenton Doyle,CF,,"6'3""","6'3""",75,75,0
676263,Jack Dreyer,P,,"6'2""","6'2""",74,74,0
661395,Jhoan Duran,P,,"6'5""","6'5""",77,77,0
813349,Connelly Early,P,,"6'3""","6'3""",75,75,0
621107,Zach Eflin,P,,"6'6""","6'6""",78,78,0
693821,Bryce Elder,P,,"6'2""","6'2""",74,74,0
669438,Mason Englert,P,,"6'4""","6'4""",76,76,0
608650,Dietrich Enns,P,,"6'1""","6'1""",73,73,0
543135,Nathan Eovaldi,P,,"6'2""","6'2""",74,74,0
668674,Lucas Erceg,P,,"6'2""","6'2""",74,74,0
641555,J.C. Escarra,C,,"6'2""","6'2""",74,74,0
608032,Carlos Estévez,P,,"6'6""","6'6""",78,78,0
669093,Jeremiah Estrada,P,,"6'1""","6'1""",73,73,0
664126,Pete Fairbanks,P,,"6'6""","6'6""",78,78,0
663559,Bailey Falter,P,,"6'4""","6'4""",76,76,0
571657,Kyle Farmer,2B,,"5'11""","5'11""",71,71,0
676534,Calvin Faucher,P,,"6'1""","6'1""",73,73,0
607200,Erick Fedde,P,,"6'4""","6'4""",76,76,0
676439,Hunter Feduccia,C,,"6'1""","6'1""",73,73,0
663372,Ryan Feltner,P,,"6'4""","6'4""",76,76,0
666023,Freddy Fermin,C,,"5'10""","5'10""",70,70,0
665877,José Fermín,2B,,"5'10""","5'10""",70,70,0
678606,Jose A. Ferrer,P,,"6'1""","6'1""",73,73,0
670036,Matt Festa,P,,"6'1""","6'1""",73,73,0
640448,Kyle Finnegan,P,,"6'2""","6'2""",74,74,0
680755,Braydon Fisher,P,,"6'4""","6'4""",76,76,0
656427,Jack Flaherty,P,,"6'4""","6'4""",76,76,0
689254,Mason Fluharty,P,,"6'2""","6'2""",74,74,0
663743,Nick Fortes,C,,"5'11""","5'11""",71,71,0
641584,Jake Fraley,RF,,"5'11""","5'11""",71,71,0
624428,Adam Frazier,2B,,"5'10""","5'10""",70,70,0
607536,Kyle Freeland,P,,"6'4""","6'4""",76,76,0
518692,Freddie Freeman,1B,,"6'4""","6'4""",76,76,0
608331,Max Fried,P,,"6'4""","6'4""",76,76,0
670770,TJ Friedl,CF,,"5'8""","5'8""",68,68,0
681807,David Fry,1B,,"6'1""","6'1""",73,73,0
800311,Didier Fuentes,P,,"6'0""","6'0""",72,72,0
681892,Kody Funderburk,P,,"6'4""","6'4""",76,76,0
668678,Zac Gallen,P,,"6'2""","6'2""",74,74,0
666969,Adolis García,RF,,"6'0""","6'0""",72,72,0
670329,Rico Garcia,P,,"5'9""","5'9""",69,69,0
672580,Maikel Garcia,3B,,"6'1""","6'1""",73,73,0
676395,Robert Garcia,P,,"6'4""","6'4""",76,76,0
641598,Mitch Garver,C,,"6'1""","6'1""",73,73,0
592332,Kevin Gausman,P,,"6'2""","6'2""",74,74,0
669302,Logan Gilbert,P,,"6'6""","6'6""",78,78,0
656457,Tyler Gilbert,P,,"6'3""","6'3""",75,75,0
665926,Andrés Giménez,2B,,"5'11""","5'11""",71,71,0
656464,Kevin Ginkel,P,,"6'4""","6'4""",76,76,0
607192,Tyler Glasnow,P,,"6'8""","6'8""",80,80,0
502671,Paul Goldschmidt,1B,,"6'2""","6'2""",74,74,0
672782,Yoendrys Gómez,P,,"6'3""","6'3""",75,75,0
669022,MacKenzie Gore,P,,"6'2""","6'2""",74,74,0
669357,Nolan Gorman,2B,,"6'0""","6'0""",72,72,0
701552,Andre Granillo,P,,"6'4""","6'4""",76,76,0
543243,Sonny Gray,P,,"5'10""","5'10""",70,70,0
656484,Tristan Gray,3B,,"6'1""","6'1""",73,73,0
682985,Riley Greene,LF,,"6'2""","6'2""",74,74,0
545341,Randal Grichuk,RF,,"6'0""","6'0""",72,72,0
663757,Trent Grisham,CF,,"5'10""","5'10""",70,70,0
665489,Vladimir Guerrero Jr.,1B,,"6'0""","6'0""",72,72,0
664059,Sam Haggerty,CF,,"5'11""","5'11""",71,71,0
669084,DL Hall,P,,"6'1""","6'1""",73,73,0
676106,Emerson Hancock,P,,"6'4""","6'4""",76,76,0
690986,Kyle Harrison,P,,"6'2""","6'2""",74,74,0
606996,Kyle Hart,P,,"6'5""","6'5""",77,77,0
640451,Hunter Harvey,P,,"6'3""","6'3""",75,75,0
663647,Ke'Bryan Hayes,3B,,"5'11""","5'11""",71,71,0
687396,Brent Headrick,P,,"6'6""","6'6""",78,78,0
595978,Austin Hedges,C,,"6'0""","6'0""",72,72,0
641680,Jonah Heim,C,,"6'4""","6'4""",76,76,0
623168,Tyler Heineman,C,,"5'10""","5'10""",70,70,0
664854,Ryan Helsley,P,,"6'2""","6'2""",74,74,0
683002,Gunnar Henderson,SS,,"6'3""","6'3""",75,75,0
683618,Edgardo Henriquez,P,,"6'4""","6'4""",76,76,0
669371,Cole Henry,P,,"6'4""","6'4""",76,76,0
623474,Jimmy Herget,P,,"6'3""","6'3""",75,75,0
606192,Teoscar Hernández,RF,,"6'0""","6'0""",72,72,0
671056,Iván Herrera,C,,"5'11""","5'11""",71,71,0
682120,Tim Herrin,P,,"6'6""","6'6""",78,78,0
663855,Jordan Hicks,P,,"6'2""","6'2""",74,74,0
689414,Liam Hicks,C,,"5'9""","5'9""",69,69,0
656537,Derek Hill,CF,,"6'0""","6'0""",72,72,0
677955,Jaden Hill,P,,"6'4""","6'4""",76,76,0
657612,Tim Hill,P,,"6'4""","6'4""",76,76,0
682274,Yaramil Hiraldo,P,,"6'1""","6'1""",73,73,0
663538,Nico Hoerner,2B,,"5'11""","5'11""",71,71,0
656546,Jeff Hoffman,P,,"6'5""","6'5""",77,77,0
694851,Andrew Hoffmann,P,,"6'5""","6'5""",77,77,0
670059,Colin Holderman,P,,"6'6""","6'6""",78,78,0
605280,Clay Holmes,P,,"6'5""","6'5""",77,77,0
656550,Grant Holmes,P,,"6'0""","6'0""",72,72,0
663947,Tyler Holton,P,,"6'2""","6'2""",74,74,0
690990,Cade Horton,P,,"6'1""","6'1""",73,73,0
656555,Rhys Hoskins,1B,,"6'3""","6'3""",75,75,0
691781,Brady House,3B,,"6'4""","6'4""",76,76,0
676428,Brant Hurter,P,,"6'6""","6'6""",78,78,0
628451,Andy Ibáñez,3B,,"5'10""","5'10""",70,70,0
628452,Raisel Iglesias,P,,"6'2""","6'2""",74,74,0
684007,Shota Imanaga,P,,"5'10""","5'10""",70,70,0
663623,Jake Irvin,P,,"6'6""","6'6""",78,78,0
664728,Kyle Isbel,CF,,"5'10""","5'10""",70,70,0
669236,Jeremiah Jackson,2B,,"5'11""","5'11""",71,71,0
445276,Kenley Jansen,P,,"6'5""","6'5""",77,77,0
664299,Cristian Javier,P,,"6'1""","6'1""",73,73,0
643377,Griffin Jax,P,,"6'2""","6'2""",74,74,0
695600,Carter Jensen,C,,"6'0""","6'0""",72,72,0
572955,Pierce Johnson,P,,"6'2""","6'2""",74,74,0
696270,Ryan Johnson,P,,"6'6""","6'6""",78,78,0
687859,Troy Johnston,OF,,"5'11""","5'11""",71,71,0
663330,Jahmai Jones,RF,,"5'10""","5'10""",70,70,0
592450,Aaron Judge,RF,,"6'7""","6'7""",79,79,0
673962,Josh Jung,3B,,"6'1""","6'1""",73,73,0
596001,Jakob Junis,P,,"6'3""","6'3""",75,75,0
676083,Janson Junk,P,,"6'2""","6'2""",74,74,0
691720,Kyle Karros,3B,,"6'5""","6'5""",77,77,0
807712,Luke Keaschall,2B,,"6'0""","6'0""",72,72,0
690993,Colt Keith,2B,,"6'2""","6'2""",74,74,0
641745,Brad Keller,P,,"6'5""","6'5""",77,77,0
656605,Mitch Keller,P,,"6'3""","6'3""",75,75,0
608348,Carson Kelly,C,,"6'1""","6'1""",73,73,0
687330,Kevin Kelly,P,,"6'2""","6'2""",74,74,0
805249,Otto Kemp,OF,,"5'11""","5'11""",71,71,0
687849,Zak Kent,P,,"6'3""","6'3""",75,75,0
579328,Yusei Kikuchi,P,,"6'0""","6'0""",72,72,0
643396,Isiah Kiner-Falefa,SS,,"5'10""","5'10""",70,70,0
687911,Bryan King,P,,"6'1""","6'1""",73,73,0
667463,John King,P,,"6'2""","6'2""",74,74,0
650633,Michael King,P,,"6'3""","6'3""",75,75,0
664068,Scott Kingery,2B,,"5'9""","5'9""",69,69,0
641755,Tyler Kinley,P,,"6'4""","6'4""",76,76,0
669923,George Kirby,P,,"6'4""","6'4""",76,76,0
672386,Alejandro Kirk,C,,"5'8""","5'8""",68,68,0
694361,Will Klein,P,,"6'5""","6'5""",77,77,0
686799,Jack Kochanowicz,P,,"6'7""","6'7""",79,79,0
657649,Jared Koenig,P,,"6'5""","6'5""",77,77,0
683766,Christian Koss,2B,,"6'1""","6'1""",73,73,0
680757,Steven Kwan,LF,,"5'8""","5'8""",68,68,0
656638,Alex Lange,P,,"6'3""","6'3""",75,75,0
694671,Wyatt Langford,LF,,"6'0""","6'0""",72,72,0
663616,Trevor Larnach,RF,,"6'3""","6'3""",75,75,0
656641,Jacob Latz,P,,"6'2""","6'2""",74,74,0
641778,Eric Lauer,P,,"6'3""","6'3""",75,75,0
689520,Cody Laweryson,P,,"6'4""","6'4""",76,76,0
691783,Jordan Lawlar,SS,,"6'0""","6'0""",72,72,0
664875,Justin Lawrence,P,,"6'3""","6'3""",75,75,0
681517,Kyle Leahy,P,,"6'5""","6'5""",77,77,0
673929,Jordan Leasure,P,,"6'3""","6'3""",75,75,0
669276,Dylan Lee,P,,"6'3""","6'3""",75,75,0
808982,Jung Hoo Lee,CF,,"6'0""","6'0""",72,72,0
668984,Casey Legumina,P,,"6'2""","6'2""",74,74,0
683004,Jack Leiter,P,,"6'1""","6'1""",73,73,0
643410,Mark Leiter Jr.,P,,"6'0""","6'0""",72,72,0
668904,Royce Lewis,3B,,"6'0""","6'0""",72,72,0
669461,Matthew Liberatore,P,,"6'4""","6'4""",76,76,0
695734,Daylen Lile,RF,,"5'11""","5'11""",71,71,0
596019,Francisco Lindor,SS,,"5'10""","5'10""",70,70,0
641793,Zack Littell,P,,"6'4""","6'4""",76,76,0
663893,Brendon Little,P,,"6'2""","6'2""",74,74,0
642528,Jonathan Loáisiga,P,,"5'11""","5'11""",71,71,0
625643,Reynaldo López,P,,"6'1""","6'1""",73,73,0
695418,Brad Lord,P,,"6'3""","6'3""",75,75,0
663992,Richard Lovelady,P,,"6'0""","6'0""",72,72,0
663993,Nathaniel Lowe,1B,,"6'4""","6'4""",76,76,0
664192,Joey Lucchesi,P,,"6'5""","6'5""",77,77,0
607625,Seth Lugo,P,,"6'4""","6'4""",76,76,0
664770,Nathan Lukes,RF,,"5'11""","5'11""",71,71,0
666200,Jesús Luzardo,P,,"6'0""","6'0""",72,72,0
663738,Daniel Lynch IV,P,,"6'6""","6'6""",78,78,0
592518,Manny Machado,3B,,"6'2""","6'2""",74,74,0
641816,Tyler Mahle,P,,"6'3""","6'3""",75,75,0
640455,Sean Manaea,P,,"6'5""","6'5""",77,77,0
665561,Rafael Marchán,C,,"5'9""","5'9""",69,69,0
676760,Ron Marinaccio,P,,"6'2""","6'2""",74,74,0
608566,Germán Márquez,P,,"6'1""","6'1""",73,73,0
805300,Jakob Marsee,CF,,"6'0""","6'0""",72,72,0
669016,Brandon Marsh,CF,,"6'2""","6'2""",74,74,0
606466,Ketel Marte,2B,,"6'0""","6'0""",72,72,0
516782,Starling Marte,LF,,"6'0""","6'0""",72,72,0
455119,Chris Martin,P,,"6'8""","6'8""",80,80,0
663436,Davis Martin,P,,"6'2""","6'2""",74,74,0
607259,Nick Martinez,P,,"6'1""","6'1""",73,73,0
664208,Phil Maton,P,,"6'2""","6'2""",74,74,0
676755,Isaac Mattson,P,,"6'2""","6'2""",74,74,0
571927,Steven Matz,P,,"6'2""","6'2""",74,74,0
669160,Dustin May,P,,"6'6""","6'6""",78,78,0
691785,Marcelo Mayer,3B,,"6'3""","6'3""",75,75,0
641835,Tim Mayza,P,,"6'3""","6'3""",75,75,0
621121,Lance McCullers Jr.,P,,"6'1""","6'1""",73,73,0
457705,Andrew McCutchen,RF,,"5'10""","5'10""",70,70,0
700241,Michael McGreevy,P,,"6'4""","6'4""",76,76,0
624512,Reese McGuire,C,,"6'0""","6'0""",72,72,0
690997,Nolan McLean,P,,"6'2""","6'2""",74,74,0
641857,Ryan McMahon,3B,,"6'2""","6'2""",74,74,0
643446,Jeff McNeil,2B,,"6'0""","6'0""",72,72,0
678009,Parker Meadows,CF,,"6'5""","6'5""",77,77,0
683232,Nick Mears,P,,"6'3""","6'3""",75,75,0
656730,Trevor Megill,P,,"6'8""","6'8""",80,80,0
675848,Juan Mejia,P,,"6'3""","6'3""",75,75,0
800048,Parker Messick,P,,"6'0""","6'0""",72,72,0
676974,Max Meyer,P,,"6'0""","6'0""",72,72,0
676694,Jake Meyers,CF,,"6'0""","6'0""",72,72,0
571945,Miles Mikolas,P,,"6'4""","6'4""",76,76,0
669062,Erik Miller,P,,"6'5""","6'5""",77,77,0
695243,Mason Miller,P,,"6'5""","6'5""",77,77,0
571948,Hoby Milner,P,,"6'3""","6'3""",75,75,0
694819,Jacob Misiorowski,P,,"6'7""","6'7""",79,79,0
669003,Garrett Mitchell,CF,,"6'2""","6'2""",74,74,0
663554,Casey Mize,P,,"6'3""","6'3""",75,75,0
669387,Carmen Mlodzinski,P,,"6'2""","6'2""",74,74,0
594580,Sam Moll,P,,"5'9""","5'9""",69,69,0
655316,Andruw Monasterio,SS,,"5'11""","5'11""",71,71,0
660162,Yoán Moncada,3B,,"6'0""","6'0""",72,72,0
695657,Colson Montgomery,SS,,"6'3""","6'3""",75,75,0
682254,Mason Montgomery,P,,"6'2""","6'2""",74,74,0
663558,Jovani Morán,P,,"6'1""","6'1""",73,73,0
666624,Christopher Morel,LF,,"6'0""","6'0""",72,72,0
672515,Gabriel Moreno,C,,"5'9""","5'9""",69,69,0
688158,David Morgan,P,,"6'0""","6'0""",72,72,0
666661,Juan Morillo,P,,"6'1""","6'1""",73,73,0
663624,Ryan Mountcastle,1B,,"6'3""","6'3""",75,75,0
662253,Andrés Muñoz,P,,"6'2""","6'2""",74,74,0
682610,Roddery Muñoz,P,,"6'2""","6'2""",74,74,0
669684,Chris Murphy,P,,"6'1""","6'1""",73,73,0
667472,Dane Myers,CF,,"6'0""","6'0""",72,72,0
668964,Tobias Myers,P,,"6'1""","6'1""",73,73,0
667297,Tommy Nance,P,,"6'6""","6'6""",78,78,0
647304,Josh Naylor,1B,,"5'10""","5'10""",70,70,0
669194,Ryne Nelson,P,,"6'3""","6'3""",75,75,0
687263,Zach Neto,SS,,"5'11""","5'11""",71,71,0
656794,Sean Newcomb,P,,"6'5""","6'5""",77,77,0
605400,Aaron Nola,P,,"6'2""","6'2""",74,74,0
681393,Connor Norby,3B,,"5'10""","5'10""",70,70,0
683083,Nasim Nuñez,SS,,"5'8""","5'8""",68,68,0
676617,Riley O'Brien,P,,"6'4""","6'4""",76,76,0
656811,Ryan O'Hearn,1B,,"6'2""","6'2""",74,74,0
681351,Logan O'Hoppe,C,,"6'2""","6'2""",74,74,0
641927,Bailey Ober,P,,"6'9""","6'9""",81,81,0
595345,Steven Okert,P,,"6'2""","6'2""",74,74,0
621566,Matt Olson,1B,,"6'4""","6'4""",76,76,0
687401,Joey Ortiz,SS,,"5'10""","5'10""",70,70,0
679358,Eric Orze,P,,"6'4""","6'4""",76,76,0
681546,James Outman,CF,,"6'2""","6'2""",74,74,0
670912,Johan Oviedo,P,,"6'6""","6'6""",78,78,0
542303,Marcell Ozuna,DH,,"6'1""","6'1""",73,73,0
663978,Chris Paddack,P,,"6'5""","6'5""",77,77,0
641941,Emilio Pagán,P,,"6'2""","6'2""",74,74,0
681624,Andy Pages,CF,,"6'1""","6'1""",73,73,0
686780,Pedro Pagés,C,,"5'11""","5'11""",71,71,0
694037,Daniel Palencia,P,,"5'11""","5'11""",71,71,0
669467,Andre Pallante,P,,"6'0""","6'0""",72,72,0
670623,Isaac Paredes,3B,,"5'11""","5'11""",71,71,0
686469,Vinnie Pasquantino,1B,,"6'3""","6'3""",75,75,0
694477,Chad Patrick,P,,"6'1""","6'1""",73,73,0
688363,Graham Pauley,3B,,"6'1""","6'1""",73,73,0
606303,Joel Payamps,P,,"6'3""","6'3""",75,75,0
592626,Joc Pederson,1B,,"6'1""","6'1""",73,73,0
642547,Freddy Peralta,P,,"6'0""","6'0""",72,72,0
593974,Wandy Peralta,P,,"6'0""","6'0""",72,72,0
672724,Oswald Peraza,3B,,"5'11""","5'11""",71,71,0
672695,Geraldo Perdomo,SS,,"6'2""","6'2""",74,74,0
677592,Everson Pereira,CF,,"5'11""","5'11""",71,71,0
672335,Cionel Pérez,P,,"6'0""","6'0""",72,72,0
691587,Eury Pérez,P,,"6'8""","6'8""",80,80,0
663368,Blake Perkins,CF,,"6'0""","6'0""",72,72,0
671976,Tristan Peters,LF,,"6'0""","6'0""",72,72,0
656848,Michael Petersen,P,,"6'7""","6'7""",79,79,0
656849,David Peterson,P,,"6'6""","6'6""",78,78,0
694297,Brandon Pfaadt,P,,"6'4""","6'4""",76,76,0
683175,Connor Phillips,P,,"6'2""","6'2""",74,74,0
663969,Tyler Phillips,P,,"6'5""","6'5""",77,77,0
601713,Nick Pivetta,P,,"6'5""","6'5""",77,77,0
593871,Jorge Polanco,2B,,"6'0""","6'0""",72,72,0
519141,Drew Pomeranz,P,,"6'5""","6'5""",77,77,0
647315,Zach Pop,P,,"6'4""","6'4""",76,76,0
676571,PJ Poulin,P,,"6'1""","6'1""",73,73,0
650968,Yohel Pozo,C,,"5'11""","5'11""",71,71,0
700337,Edgar Quero,C,,"5'10""","5'10""",70,70,0
500779,Jose Quintana,P,,"6'2""","6'2""",74,74,0
678882,Ceddanne Rafaela,CF,,"5'10""","5'10""",70,70,0
666142,Cole Ragans,P,,"6'4""","6'4""",76,76,0
663728,Cal Raleigh,C,,"6'2""","6'2""",74,74,0
548384,Brooks Raley,P,,"6'3""","6'3""",75,75,0
670042,Luke Raley,RF,,"6'3""","6'3""",75,75,0
682663,Agustín Ramírez,C,,"6'1""","6'1""",73,73,0
608070,José Ramírez,3B,,"5'8""","5'8""",68,68,0
670990,Yohan Ramírez,P,,"6'3""","6'3""",75,75,0
671218,Heliot Ramos,LF,,"5'11""","5'11""",71,71,0
656876,Drew Rasmussen,P,,"6'1""","6'1""",73,73,0
592662,Robbie Ray,P,,"6'2""","6'2""",74,74,0
607067,Colin Rea,P,,"6'5""","6'5""",77,77,0
592663,J.T. Realmuto,C,,"6'0""","6'0""",72,72,0
668804,Bryan Reynolds,RF,,"6'2""","6'2""",74,74,0
700250,Ben Rice,1B,,"6'2""","6'2""",74,74,0
690022,Ryan Ritter,SS,,"6'1""","6'1""",73,73,0
685005,Christian Roa,P,,"6'4""","6'4""",76,76,0
673357,Luis Robert Jr.,CF,,"6'2""","6'2""",74,74,0
677587,Brayan Rocchio,SS,,"5'9""","5'9""",69,69,0
677958,Kumar Rocker,P,,"6'5""","6'5""",77,77,0
573124,Taylor Rogers,P,,"6'3""","6'3""",75,75,0
669432,Trevor Rogers,P,,"6'5""","6'5""",77,77,0
643511,Tyler Rogers,P,,"6'3""","6'3""",75,75,0
605447,Jordan Romano,P,,"6'5""","6'5""",77,77,0
668941,JoJo Romero,P,,"5'11""","5'11""",71,71,0
605452,Joe Ross,P,,"6'4""","6'4""",76,76,0
694738,Landen Roupp,P,,"6'2""","6'2""",74,74,0
688297,Chris Roycroft,P,,"6'8""","6'8""",80,80,0
657746,Joe Ryan,P,,"6'2""","6'2""",74,74,0
681870,Erik Sabrowski,P,,"6'4""","6'4""",76,76,0
519242,Chris Sale,P,,"6'6""","6'6""",78,78,0
650911,Cristopher Sánchez,P,,"6'6""","6'6""",78,78,0
596142,Gary Sánchez,C,,"6'2""","6'2""",74,74,0
663485,Cole Sands,P,,"6'3""","6'3""",75,75,0
691594,Javier Sanoja,2B,,"5'7""","5'7""",67,67,0
467793,Carlos Santana,1B,,"5'10""","5'10""",70,70,0
642701,Dennis Santana,P,,"6'2""","6'2""",74,74,0
663574,Tony Santillan,P,,"6'3""","6'3""",75,75,0
808963,Roki Sasaki,P,,"6'2""","6'2""",74,74,0
694384,Nolan Schanuel,1B,,"6'2""","6'2""",74,74,0
453286,Max Scherzer,P,,"6'3""","6'3""",75,75,0
693645,Cam Schlittler,P,,"6'6""","6'6""",78,78,0
669477,Casey Schmitt,3B,,"6'0""","6'0""",72,72,0
670167,John Schreiber,P,,"6'2""","6'2""",74,74,0
656941,Kyle Schwarber,LF,,"5'11""","5'11""",71,71,0
656945,Tanner Scott,P,,"6'0""","6'0""",72,72,0
657756,Connor Seabold,P,,"6'2""","6'2""",74,74,0
543760,Marcus Semien,2B,,"6'0""","6'0""",72,72,0
673540,Kodai Senga,P,,"6'1""","6'1""",73,73,0
622608,Antonio Senzatela,P,,"6'1""","6'1""",73,73,0
623149,Paul Sewald,P,,"6'3""","6'3""",75,75,0
693855,Ian Seymour,P,,"6'0""","6'0""",72,72,0
807713,Matt Shaw,3B,,"5'10""","5'10""",70,70,0
686218,Emmet Sheehan,P,,"6'5""","6'5""",77,77,0
657757,Gavin Sheets,LF,,"6'3""","6'3""",75,75,0
681217,Chase Silseth,P,,"6'0""","6'0""",72,72,0
802415,Chandler Simpson,CF,,"5'11""","5'11""",71,71,0
663903,Brady Singer,P,,"6'5""","6'5""",77,77,0
694973,Paul Skenes,P,,"6'6""","6'6""",78,78,0
669373,Tarik Skubal,P,,"6'3""","6'3""",75,75,0
686580,Justin Slaten,P,,"6'4""","6'4""",76,76,0
596103,Austin Slater,LF,,"6'1""","6'1""",73,73,0
671922,Cade Smith,P,,"6'5""","6'5""",77,77,0
701358,Cam Smith,RF,,"6'3""","6'3""",75,75,0
642086,Dominic Smith,1B,,"5'11""","5'11""",71,71,0
669701,Josh Smith,SS,,"5'9""","5'9""",69,69,0
656976,Pavin Smith,1B,,"6'2""","6'2""",74,74,0
681343,Shane Smith,P,,"6'3""","6'3""",75,75,0
669257,Will Smith,C,,"5'10""","5'10""",70,70,0
666277,George Soriano,P,,"6'2""","6'2""",74,74,0
667755,José Soriano,P,,"6'3""","6'3""",75,75,0
647336,Michael Soroka,P,,"6'5""","6'5""",77,77,0
672820,Lenyn Sosa,2B,,"5'11""","5'11""",71,71,0
642397,Gregory Soto,P,,"6'1""","6'1""",73,73,0
665742,Juan Soto,RF,,"6'1""","6'1""",73,73,0
642100,Gabe Speier,P,,"5'11""","5'11""",71,71,0
543807,George Springer,RF,,"6'1""","6'1""",73,73,0
687075,Brandon Sproat,P,,"6'3""","6'3""",75,75,0
592773,Ryne Stanek,P,,"6'4""","6'4""",76,76,0
668715,Spencer Steer,1B,,"5'9""","5'9""",69,69,0
663886,Tyler Stephenson,C,,"6'3""","6'3""",75,75,0
701398,Sal Stewart,3B,,"6'1""","6'1""",73,73,0
596115,Trevor Story,SS,,"6'1""","6'1""",73,73,0
621381,Matt Strahm,P,,"6'2""","6'2""",74,74,0
664702,Myles Straw,CF,,"5'9""","5'9""",69,69,0
553993,Eugenio Suárez,3B,,"5'11""","5'11""",71,71,0
660761,José Suarez,P,,"5'10""","5'10""",70,70,0
663158,Robert Suarez,P,,"6'2""","6'2""",74,74,0
608372,Tomoyuki Sugano,P,,"6'1""","6'1""",73,73,0
664954,Brett Sullivan,C,,"5'11""","5'11""",71,71,0
642121,Cole Sulser,P,,"6'0""","6'0""",72,72,0
608718,Brent Suter,P,,"6'4""","6'4""",76,76,0
694335,Matt Svanson,P,,"6'5""","6'5""",77,77,0
621020,Dansby Swanson,SS,,"6'0""","6'0""",72,72,0
592791,Jameson Taillon,P,,"6'5""","6'5""",77,77,0
665487,Fernando Tatis Jr.,RF,,"6'3""","6'3""",75,75,0
665750,Leody Taveras,OF,,"6'2""","6'2""",74,74,0
694374,Tim Tawa,2B,,"5'11""","5'11""",71,71,0
691799,Grant Taylor,P,,"6'3""","6'3""",75,75,0
678906,Kai-Wei Teng,P,,"6'4""","6'4""",76,76,0
573204,Caleb Thielbar,P,,"6'0""","6'0""",72,72,0
677950,Alek Thomas,CF,,"5'9""","5'9""",69,69,0
657041,Lane Thomas,CF,,"5'11""","5'11""",71,71,0
657044,Ryan Thompson,P,,"6'5""","6'5""",77,77,0
623437,Justin Topa,P,,"6'4""","6'4""",76,76,0
679529,Spencer Torkelson,1B,,"6'1""","6'1""",73,73,0
620443,Luis Torrens,C,,"5'11""","5'11""",71,71,0
678662,Ezequiel Tovar,SS,,"6'0""","6'0""",72,72,0
595014,Blake Treinen,P,,"6'5""","6'5""",77,77,0
624431,Jose Trevino,C,,"5'9""","5'9""",69,69,0
669707,Jared Triolo,SS,,"6'3""","6'3""",75,75,0
607208,Trea Turner,SS,,"6'1""","6'1""",73,73,0
602104,Ramón Urías,3B,,"5'9""","5'9""",69,69,0
682842,Abner Uribe,P,,"6'3""","6'3""",75,75,0
664353,José Urquidy,P,,"6'0""","6'0""",72,72,0
664285,Framber Valdez,P,,"5'11""","5'11""",71,71,0
672841,Carlos Vargas,P,,"6'4""","6'4""",76,76,0
545121,Ildemaro Vargas,2B,,"5'11""","5'11""",71,71,0
678246,Miguel Vargas,3B,,"6'2""","6'2""",74,74,0
686973,Louis Varland,P,,"6'1""","6'1""",73,73,0
662139,Daulton Varsho,CF,,"5'8""","5'8""",68,68,0
681190,Randy Vásquez,P,,"6'0""","6'0""",72,72,0
683734,Andrew Vaughn,1B,,"5'10""","5'10""",70,70,0
543877,Christian Vázquez,C,,"5'8""","5'8""",68,68,0
434378,Justin Verlander,P,,"6'5""","6'5""",77,77,0
681911,Alex Vesia,P,,"6'1""","6'1""",73,73,0
676684,Will Vest,P,,"6'0""","6'0""",72,72,0
668901,Mark Vientos,3B,,"6'3""","6'3""",75,75,0
678391,Jorbit Vivas,2B,,"5'9""","5'9""",69,69,0
680767,Victor Vodnik,P,,"6'0""","6'0""",72,72,0
608379,Michael Wacha,P,,"6'6""","6'6""",78,78,0
572233,Christian Walker,1B,,"5'11""","5'11""",71,71,0
691023,Jordan Walker,RF,,"6'6""","6'6""",78,78,0
676254,Ryan Walker,P,,"6'2""","6'2""",74,74,0
592836,Taijuan Walker,P,,"6'4""","6'4""",76,76,0
670242,Matt Wallner,RF,,"6'4""","6'4""",76,76,0
621493,Taylor Ward,LF,,"6'0""","6'0""",72,72,0
701542,Will Warren,P,,"6'2""","6'2""",74,74,0
677960,Ryan Weathers,P,,"6'1""","6'1""",73,73,0
596133,Luke Weaver,P,,"6'2""","6'2""",74,74,0
657097,Jacob Webb,P,,"6'2""","6'2""",74,74,0
669711,Greg Weissert,P,,"6'2""","6'2""",74,74,0
669224,Austin Wells,C,,"6'1""","6'1""",73,73,0
669330,Tyler Wells,P,,"6'8""","6'8""",80,80,0
676477,Garrett Whitlock,P,,"6'5""","6'5""",77,77,0
686894,Joey Wiemer,LF,,"6'4""","6'4""",76,76,0
642207,Devin Williams,P,,"6'2""","6'2""",74,74,0
668909,Gavin Williams,P,,"6'6""","6'6""",78,78,0
810938,Ben Williamson,3B,,"6'0""","6'0""",72,72,0
668390,Cole Winn,P,,"6'2""","6'2""",74,74,0
676775,Keaton Winn,P,,"6'4""","6'4""",76,76,0
691026,Masyn Winn,SS,,"5'9""","5'9""",69,69,0
677951,Bobby Witt Jr.,SS,,"6'1""","6'1""",73,73,0
664991,Grant Wolfram,P,,"6'7""","6'7""",79,79,0
657136,Connor Wong,C,,"5'10""","5'10""",70,70,0
693433,Bryan Woo,P,,"6'2""","6'2""",74,74,0
663765,Jake Woodford,P,,"6'4""","6'4""",76,76,0
605540,Brandon Woodruff,P,,"6'4""","6'4""",76,76,0
680573,Simeon Woods Richardson,P,,"6'3""","6'3""",75,75,0
680736,Justin Wrobleski,P,,"6'1""","6'1""",73,73,0
642851,Austin Wynns,C,,"6'1""","6'1""",73,73,0
808967,Yoshinobu Yamamoto,P,,"5'10""","5'10""",70,70,0
642232,Ryan Yarbrough,P,,"6'5""","6'5""",77,77,0
807799,Masataka Yoshida,LF,,"5'8""","5'8""",68,68,0
696285,Jacob Young,CF,,"5'11""","5'11""",71,71,0
676724,Jared Young,LF,,"6'2""","6'2""",74,74,0
666171,Ryan Zeferjahn,P,,"6'5""","6'5""",77,77,0
664141,JT Brubaker,P,,"6'3""","6'4""",75,76,1
683357,Owen Caissie,RF,,"6'3""","6'4""",75,76,1
600869,Jeimer Candelario,3B,,"6'0""","6'1""",72,73,1
676391,Ernie Clement,3B,,"5'11""","6'0""",71,72,1
682829,Elly De La Cruz,SS,,"6'5""","6'6""",77,78,1
669364,Xavier Edwards,SS,,"5'8""","5'9""",68,69,1
686217,Sal Frelick,RF,,"5'8""","5'9""",68,69,1
657424,Matt Gage,P,,"6'3""","6'4""",75,76,1
472610,Luis García,P,,"6'1""","6'2""",73,74,1
543309,Kyle Higashioka,C,,"6'0""","6'1""",72,73,1
605288,Adrian Houser,P,,"6'3""","6'4""",75,76,1
643376,Danny Jansen,C,,"6'1""","6'2""",73,74,1
666397,Edouard Julien,2B,,"6'0""","6'1""",72,73,1
663604,Brandon Lockridge,LF,,"5'11""","6'0""",71,72,1
694388,Joey Loperfido,LF,,"6'2""","6'3""",74,75,1
691723,Coby Mayo,1B,,"6'4""","6'5""",76,77,1
664238,Dylan Moore,2B,,"6'0""","6'1""",72,73,1
660271,Shohei Ohtani,TWP,,"6'3""","6'4""",75,76,1
677594,Julio Rodríguez,CF,,"6'3""","6'4""",75,76,1
687221,Dalton Rushing,C,,"5'11""","6'0""",71,72,1
682177,Daniel Schneemann,2B,,"5'11""","6'0""",71,72,1
608369,Corey Seager,SS,,"6'3""","6'4""",75,76,1
668930,Brice Turang,2B,,"5'11""","6'0""",71,72,1
657277,Logan Webb,P,,"6'1""","6'2""",73,74,1
592885,Christian Yelich,LF,,"6'3""","6'4""",75,76,1
