id,name,position,height_2024,inches_2024,old_height,old_inches,new_height,new_inches,change_24_25,change_25_26,total_change,br_id
666310,Bo Naylor,C,"6' 0""",72,"6'0""",72,"5'9""",69,0,-3,-3,naylobo01
547179,Michael Lorenzen,P,"6' 3""",75,"6'3""",75,"6'1""",73,0,-2,-2,lorenmi01
682668,Luisangel Acuña,2B,"5' 8""",68,"5'8""",68,"5'7""",67,0,-1,-1,redirect.fcgi?player=1&amp;mlb_ID=682668
677942,Blaze Alexander,SS,"5' 11""",71,"6'0""",72,"5'11""",71,1,-1,0,alexabl01
669397,Nick Allen,SS,"5' 8""",68,"5'8""",68,"5'7""",67,0,-1,-1,allenni02
680718,Addison Barger,3B,"6' 0""",72,"6'0""",72,"5'11""",71,0,-1,-1,bargead01
663698,Joey Bart,C,"6' 2""",74,"6'3""",75,"6'2""",74,1,-1,0,bartjo01
643217,Andrew Benintendi,LF,"5' 9""",69,"5'10""",70,"5'9""",69,1,-1,0,beninan01
605141,Mookie Betts,SS,"5' 9""",69,"5'10""",70,"5'9""",69,1,-1,0,bettsmo01
664761,Alec Bohm,3B,"6' 5""",77,"6'5""",77,"6'4""",76,0,-1,-1,bohmal01
608324,Alex Bregman,3B,"6' 0""",72,"5'11""",71,"5'10""",70,-1,-1,-2,bregmal01
683737,Michael Busch,1B,"6' 1""",73,"6'0""",72,"5'11""",71,-1,-1,-2,buschmi02
676130,José Buttó,P,"6' 1""",73,"6'1""",73,"6'0""",72,0,-1,-1,buttojo01
621439,Byron Buxton,CF,"6' 2""",74,"6'2""",74,"6'1""",73,0,-1,-1,buxtoby01
676609,José Caballero,SS,"5' 9""",69,"5'10""",70,"5'9""",69,1,-1,0,cabaljo01
666185,Dylan Carlson,LF,"6' 2""",74,"6'2""",74,"6'1""",73,0,-1,-1,carlsdy01
694497,Evan Carter,CF,"6' 2""",74,"6'3""",75,"6'2""",74,1,-1,0,carteev01
664199,Taylor Clarke,P,"6' 4""",76,"6'4""",76,"6'3""",75,0,-1,-1,clarkta01
575929,Willson Contreras,1B,"6' 1""",73,"6'1""",73,"6'0""",72,0,-1,-1,contrwi01
630105,Jake Cronenworth,2B,"6' 0""",72,"6'0""",72,"5'11""",71,0,-1,-1,croneja01
680779,Henry Davis,C,"6' 0""",72,"6'0""",72,"5'11""",71,0,-1,-1,davishe01
676356,Jonny DeLuca,CF,"6' 0""",72,"5'11""",71,"5'10""",70,-1,-1,-2,delucjo01
650490,Yandy Díaz,1B,"6' 2""",74,"6'1""",73,"6'0""",72,-1,-1,-2,diazya01
643289,Mauricio Dubón,2B,"6' 0""",72,"6'0""",72,"5'11""",71,0,-1,-1,dubonma01
680776,Jarren Duran,LF,"6' 2""",74,"6'1""",73,"6'0""",72,-1,-1,-2,duranja01
669289,Santiago Espinal,3B,"5' 10""",70,"5'10""",70,"5'9""",69,0,-1,-1,espinsa01
664034,Ty France,1B,"5' 11""",71,"5'11""",71,"5'10""",70,0,-1,-1,francty01
693304,Nick Gonzales,2B,"5' 9""",69,"5'9""",69,"5'8""",68,0,-1,-1,gonzani01
696100,Hunter Goodman,C,"5' 11""",71,"6'0""",72,"5'11""",71,1,-1,0,goodmhu01
666152,David Hamilton,2B,"5' 10""",70,"5'11""",71,"5'10""",70,1,-1,0,hamilda03
664023,Ian Happ,LF,"6' 0""",72,"5'11""",71,"5'10""",70,-1,-1,-2,happia01
547180,Bryce Harper,1B,"6' 3""",75,"6'2""",74,"6'1""",73,-1,-1,-2,harpebr03
671739,Michael Harris II,CF,"6' 0""",72,"6'0""",72,"5'11""",71,0,-1,-1,harrimi04
669720,Austin Hays,LF,"5' 11""",71,"5'11""",71,"5'10""",70,0,-1,-1,haysau01
687462,Spencer Horwitz,1B,"5' 10""",70,"5'11""",71,"5'10""",70,1,-1,0,horwisp01
663697,Jonathan India,2B,"6' 0""",72,"5'11""",71,"5'10""",70,-1,-1,-2,indiajo01
680777,Ryan Jeffers,C,"6' 4""",76,"6'3""",75,"6'2""",74,-1,-1,-2,jeffery01
657656,Ramón Laureano,RF,"5' 11""",71,"5'10""",70,"5'9""",69,-1,-1,-2,laurera01
679845,Nick Loftin,LF,"6' 0""",72,"6'0""",72,"5'11""",71,0,-1,-1,loftini01
664040,Brandon Lowe,2B,"5' 10""",70,"5'10""",70,"5'9""",69,0,-1,-1,lowebr01
666139,Josh Lowe,RF,"6' 4""",76,"6'4""",76,"6'3""",75,0,-1,-1,lowejo01
700932,Kyle Manzardo,1B,"6' 0""",72,"6'0""",72,"5'11""",71,0,-1,-1,manzaky01
668885,Austin Martin,CF,"5' 11""",71,"5'11""",71,"5'10""",70,0,-1,-1,martiau01
622761,Jorge Mateo,SS,"6' 1""",73,"6'1""",73,"6'0""",72,0,-1,-1,mateojo01
543510,James McCann,C,"6' 3""",75,"6'3""",75,"6'2""",74,0,-1,-1,mccanja02
664983,Jake McCarthy,CF,"6' 2""",74,"6'1""",73,"6'0""",72,-1,-1,-2,mccarja02
656716,Zach McKinstry,3B,"6' 0""",72,"6'0""",72,"5'11""",71,0,-1,-1,mckinza01
680574,Matt McLain,2B,"5' 8""",68,"5'9""",69,"5'8""",68,1,-1,0,mclaima01
701538,Jackson Merrill,CF,"6' 3""",75,"6'3""",75,"6'2""",74,0,-1,-1,merrija01
686452,Drew Millas,C,"6' 0""",72,"6'1""",73,"6'0""",72,1,-1,0,milladr01
666160,Mickey Moniak,RF,"6' 2""",74,"6'2""",74,"6'1""",73,0,-1,-1,moniami01
656775,Cedric Mullins,CF,"5' 9""",69,"5'8""",68,"5'7""",67,-1,-1,-2,mullice01
665966,Carlos Narváez,C,"5' 11""",71,"6'0""",72,"5'11""",71,1,-1,0,redirect.fcgi?player=1&amp;mlb_ID=665966
607043,Brandon Nimmo,LF,"6' 3""",75,"6'2""",74,"6'1""",73,-1,-1,-2,nimmobr01
641933,Tyler O'Neill,RF,"5' 11""",71,"5'10""",70,"5'9""",69,-1,-1,-2,oneilty01
680700,Richie Palacios,LF,"5' 10""",70,"5'9""",69,"5'8""",68,-1,-1,-2,palacri01
665161,Jeremy Peña,SS,"6' 0""",72,"6'1""",73,"6'0""",72,1,-1,0,penaje02
521692,Salvador Perez,C,"6' 3""",75,"6'3""",75,"6'2""",74,0,-1,-1,perezsa02
608701,Rob Refsnyder,RF,"6' 0""",72,"6'0""",72,"5'11""",71,0,-1,-1,refsnro01
650859,Luis Rengifo,3B,"5' 10""",70,"5'10""",70,"5'9""",69,0,-1,-1,rengilu01
663586,Austin Riley,3B,"6' 3""",75,"6'2""",74,"6'1""",73,-1,-1,-2,rileyau01
668670,Jake Rogers,C,"6' 1""",73,"6'0""",72,"5'11""",71,-1,-1,-2,rogerja03
500743,Miguel Rojas,2B,"6' 0""",72,"5'11""",71,"5'10""",70,-1,-1,-2,rojasmi02
642708,Amed Rosario,3B,"6' 2""",74,"6'2""",74,"6'1""",73,0,-1,-1,rosaram01
660688,Keibert Ruiz,C,"6' 0""",72,"6'0""",72,"5'11""",71,0,-1,-1,ruizke01
668939,Adley Rutschman,C,"6' 2""",74,"6'2""",74,"6'1""",73,0,-1,-1,rutscad01
660821,Jesús Sánchez,RF,"6' 3""",75,"6'4""",76,"6'3""",75,1,-1,0,sanchje02
676914,Davis Schneider,LF,"5' 9""",69,"5'9""",69,"5'8""",68,0,-1,-1,schneda03
687363,Victor Scott II,CF,"5' 10""",70,"5'11""",71,"5'10""",70,1,-1,0,scottvi01
624585,Jorge Soler,RF,"6' 4""",76,"6'4""",76,"6'3""",75,0,-1,-1,solerjo01
624641,Edmundo Sosa,2B,"6' 0""",72,"6'0""",72,"5'11""",71,0,-1,-1,sosaed01
519317,Giancarlo Stanton,DH,"6' 6""",78,"6'6""",78,"6'5""",77,0,-1,-1,stantmi03
681082,Bryson Stott,2B,"6' 3""",75,"6'1""",73,"6'0""",72,-2,-1,-3,stottbr01
621438,Tyrone Taylor,CF,"6' 1""",73,"6'1""",73,"6'0""",72,0,-1,-1,tayloty01
677588,José Tena,3B,"5' 11""",71,"5'11""",71,"5'10""",70,0,-1,-1,tenajo01
650402,Gleyber Torres,2B,"6' 1""",73,"5'11""",71,"5'10""",70,-2,-1,-3,torregl01
545361,Mike Trout,RF,"6' 2""",74,"6'2""",74,"6'1""",73,0,-1,-1,troutmi01
663656,Kyle Tucker,RF,"6' 4""",76,"6'4""",76,"6'3""",75,0,-1,-1,tuckeky01
663837,Matt Vierling,CF,"6' 3""",75,"6'2""",74,"6'1""",73,-1,-1,-2,vierlma01
668723,Ryan Vilade,RF,"6' 2""",74,"6'2""",74,"6'1""",73,0,-1,-1,viladry01
573262,Mike Yastrzemski,RF,"5' 10""",70,"5'11""",71,"5'10""",70,1,-1,0,yastrmi01
671096,Andrew Abbott,P,"6' 0""",72,"6'0""",72,"6'0""",72,0,0,0,abbotan01
682928,CJ Abrams,SS,"6' 2""",74,"6'0""",72,"6'0""",72,-2,0,-2,abramcj01
650556,Bryan Abreu,P,"6' 1""",73,"6'1""",73,"6'1""",73,0,0,0,abreubr01
677800,Wilyer Abreu,RF,"5' 10""",70,"5'10""",70,"5'10""",70,0,0,0,abreuwi02
660670,Ronald Acuña Jr.,RF,"6' 0""",72,"6'0""",72,"6'0""",72,0,0,0,acunaro01
642715,Willy Adames,SS,"6' 1""",73,"6'0""",72,"6'0""",72,-1,0,-1,adamewi01
666176,Jo Adell,CF,"6' 3""",75,"6'2""",74,"6'2""",74,-1,0,-1,adelljo01
645277,Ozzie Albies,2B,"5' 8""",68,"5'7""",67,"5'7""",67,-1,0,-1,albieoz01
641302,Tyler Alexander,P,"6' 2""",74,"6'1""",73,"6'1""",73,-1,0,-1,alexaty01
624413,Pete Alonso,1B,"6' 3""",75,"6'3""",75,"6'3""",75,0,0,0,alonspe01
514888,Jose Altuve,LF,"5' 6""",66,"5'6""",66,"5'6""",66,0,0,0,altuvjo01
621237,José Alvarado,P,"6' 2""",74,"6'2""",74,"6'2""",74,0,0,0,alvarjo03
682626,Francisco Alvarez,C,"5' 10""",70,"5'10""",70,"5'10""",70,0,0,0,alvarfr01
670541,Yordan Alvarez,LF,"6' 5""",77,"6'4""",76,"6'4""",76,-1,0,-1,alvaryo01
665804,Miguel Amaya,C,"6' 0""",72,"6'1""",73,"6'1""",73,1,0,1,amayami01
681982,Grant Anderson,P,"6' 0""",72,"6'0""",72,"6'0""",72,0,0,0,andergr01
609280,Miguel Andujar,LF,"6' 0""",72,"6'0""",72,"6'0""",72,0,0,0,andujmi01
666018,Jonathan Aranda,1B,"6' 0""",72,"6'0""",72,"6'0""",72,0,0,0,arandjo01
571448,Nolan Arenado,3B,"6' 2""",74,"6'2""",74,"6'2""",74,0,0,0,arenano01
672356,Gabriel Arias,SS,"6' 1""",73,"6'1""",73,"6'1""",73,0,0,0,ariasga01
542888,Shawn Armstrong,P,"6' 2""",74,"6'2""",74,"6'2""",74,0,0,0,armstsh01
668227,Randy Arozarena,LF,"5' 11""",71,"5'10""",70,"5'10""",70,-1,0,-1,arozara01
676879,Aaron Ashby,P,"6' 1""",73,"6'0""",72,"6'0""",72,-1,0,-1,ashbyaa01
677952,Braxton Ashcraft,P,"6' 5""",77,"6'5""",77,"6'5""",77,0,0,0,redirect.fcgi?player=1&amp;mlb_ID=677952
668933,Graham Ashcraft,P,"6' 2""",74,"6'2""",74,"6'2""",74,0,0,0,ashcrgr01
696147,Sam Bachman,P,"6' 1""",73,"6'1""",73,"6'1""",73,0,0,0,bachmsa01
664056,Harrison Bader,LF,"6' 0""",72,"5'11""",71,"5'11""",71,-1,0,-1,baderha01
595879,Javier Báez,CF,"6' 0""",72,"5'11""",71,"5'11""",71,-1,0,-1,baezja01
672275,Patrick Bailey,C,"6' 0""",72,"6'0""",72,"6'0""",72,0,0,0,bailepa01
641329,Bryan Baker,P,"6' 6""",78,"6'6""",78,"6'6""",78,0,0,0,bakerbr01
621383,Tanner Banks,P,"6' 1""",73,"6'1""",73,"6'1""",73,0,0,0,banksta01
605130,Scott Barlow,P,"6' 3""",75,"6'3""",75,"6'3""",75,0,0,0,barlosc01
678489,Jorge Barrosa,LF,"5' 5""",65,"5'6""",66,"5'6""",66,1,0,1,barrojo01
605135,Chris Bassitt,P,"6' 5""",77,"6'5""",77,"6'5""",77,0,0,0,bassich01
683146,Brett Baty,3B,"6' 3""",75,"6'3""",75,"6'3""",75,0,0,0,batybr01
641343,Jake Bauers,1B,"5' 11""",71,"6'0""",72,"6'0""",72,1,0,1,bauerja01
669358,Shane Baz,P,"6' 2""",74,"6'3""",75,"6'3""",75,1,0,1,bazsh01
660825,Eduard Bazardo,P,"6' 0""",72,"6'0""",72,"6'0""",72,0,0,0,bazared01
687597,Jordan Beck,LF,"6' 2""",74,"6'2""",74,"6'2""",74,0,0,0,beckjo01
670280,David Bednar,P,"6' 0""",72,"6'1""",73,"6'1""",73,1,0,1,bednada01
656222,Jalen Beeks,P,"5' 11""",71,"5'11""",71,"5'11""",71,0,0,0,beeksja02
690925,Clayton Beeter,P,"6' 2""",74,"6'2""",74,"6'2""",74,0,0,0,beetecl01
605137,Josh Bell,1B,"6' 4""",76,"6'3""",75,"6'3""",75,-1,0,-1,belljo02
641355,Cody Bellinger,LF,"6' 4""",76,"6'3""",75,"6'3""",75,-1,0,-1,bellico01
678394,Brayan Bello,P,"6' 1""",73,"6'1""",73,"6'1""",73,0,0,0,bellobr01
669622,Anthony Bender,P,"6' 4""",76,"6'4""",76,"6'4""",76,0,0,0,bendean01
666181,Will Benson,LF,"6' 5""",77,"6'4""",76,"6'4""",76,-1,0,-1,bensowi01
657514,Brennan Bernardino,P,"6' 4""",76,"6'4""",76,"6'4""",76,0,0,0,bernabr01
676440,Tanner Bibee,P,"6' 2""",74,"6'2""",74,"6'2""",74,0,0,0,bibeeta01
666182,Bo Bichette,SS,"6' 0""",72,"5'11""",71,"5'11""",71,-1,0,-1,bichebo01
656234,Jake Bird,P,"6' 3""",75,"6'3""",75,"6'3""",75,0,0,0,birdja01
621112,Paul Blackburn,P,"6' 1""",73,"6'1""",73,"6'1""",73,0,0,0,blackpa01
593428,Xander Bogaerts,SS,"6' 2""",74,"6'2""",74,"6'2""",74,0,0,0,bogaexa01
621366,Ryan Borucki,P,"6' 4""",76,"6'4""",76,"6'4""",76,0,0,0,borucry01
680742,Jonathan Bowlan,P,"6' 6""",78,"6'6""",78,"6'6""",78,0,0,0,bowlajo01
671212,Joe Boyle,P,"6' 7""",79,"6'8""",80,"6'8""",80,1,0,1,boylejo01
680694,Kyle Bradish,P,"6' 3""",75,"6'3""",75,"6'3""",75,0,0,0,bradiky01
671737,Taj Bradley,P,"6' 2""",74,"6'2""",74,"6'2""",74,0,0,0,bradlta01
666374,Matt Brash,P,"6' 1""",73,"6'1""",73,"6'1""",73,0,0,0,brashma01
623211,Huascar Brazobán,P,"6' 3""",75,"6'3""",75,"6'3""",75,0,0,0,brazohu01
641401,Connor Brogdon,P,"6' 6""",78,"6'6""",78,"6'6""",78,0,0,0,brogdco01
676962,Ben Brown,P,"6' 6""",78,"6'6""",78,"6'6""",78,0,0,0,brownbe02
686613,Hunter Brown,P,"6' 2""",74,"6'2""",74,"6'2""",74,0,0,0,brownhu01
663460,Kris Bubic,P,"6' 3""",75,"6'3""",75,"6'3""",75,0,0,0,bubickr01
621111,Walker Buehler,P,"6' 2""",74,"6'2""",74,"6'2""",74,0,0,0,buehlwa01
607481,Aaron Bummer,P,"6' 3""",75,"6'3""",75,"6'3""",75,0,0,0,bummeaa01
669394,Jake Burger,1B,"6' 2""",74,"6'0""",72,"6'0""",72,-2,0,-2,burgeja01
656271,Brock Burke,P,"6' 4""",76,"6'4""",76,"6'4""",76,0,0,0,burkebr01
676475,Alec Burleson,1B,"6' 2""",74,"6'0""",72,"6'0""",72,-2,0,-2,burleal01
681347,Mike Burrows,P,"6' 1""",73,"6'1""",73,"6'1""",73,0,0,0,redirect.fcgi?player=1&amp;mlb_ID=681347
665795,Edward Cabrera,P,"6' 5""",77,"6'5""",77,"6'5""",77,0,0,0,cabreed02
669743,Alex Call,RF,"5' 11""",71,"5'11""",71,"5'11""",71,0,0,0,callal02
691406,Junior Caminero,3B,"6' 1""",73,"6'1""",73,"6'1""",73,0,0,0,caminju01
669134,Luis Campusano,C,"5' 11""",71,"5'10""",70,"5'10""",70,-1,0,-1,campulu01
666974,Yennier Cano,P,"6' 4""",76,"6'4""",76,"6'4""",76,0,0,0,canoye01
676282,Joey Cantillo,P,"6' 4""",76,"6'4""",76,"6'4""",76,0,0,0,redirect.fcgi?player=1&amp;mlb_ID=676282
686527,Dominic Canzone,RF,"5' 11""",71,"6'0""",72,"6'0""",72,1,0,1,canzodo01
605170,Victor Caratini,C,"5' 11""",71,"6'0""",72,"6'0""",72,1,0,1,caratvi01
681481,Kerry Carpenter,RF,"6' 2""",74,"6'1""",73,"6'1""",73,-1,0,-1,carpeke01
682998,Corbin Carroll,RF,"5' 10""",70,"5'10""",70,"5'10""",70,0,0,0,carroco02
592206,Nick Castellanos,RF,"6' 4""",76,"6'3""",75,"6'3""",75,-1,0,-1,casteni01
622491,Luis Castillo,P,"6' 2""",74,"6'2""",74,"6'2""",74,0,0,0,castilu02
650489,Willi Castro,LF,"6' 1""",73,"6'0""",72,"6'0""",72,-1,0,-1,castrwi01
676917,Cade Cavalli,P,"6' 4""",76,"6'4""",76,"6'4""",76,0,0,0,cavalca01
656302,Dylan Cease,P,"6' 2""",74,"6'2""",74,"6'2""",74,0,0,0,ceasedy01
677944,Slade Cecconi,P,"6' 4""",76,"6'4""",76,"6'4""",76,0,0,0,ceccosl01
547973,Aroldis Chapman,P,"6' 4""",76,"6'4""",76,"6'4""",76,0,0,0,chapmar01
656305,Matt Chapman,3B,"6' 0""",72,"6'1""",73,"6'1""",73,1,0,1,chapmma01
665862,Jazz Chisholm Jr.,2B,"5' 11""",71,"5'11""",71,"5'11""",71,0,0,0,chishja01
650644,Aaron Civale,P,"6' 2""",74,"6'1""",73,"6'1""",73,-1,0,-1,civalaa01
664076,Garrett Cleavinger,P,"6' 1""",73,"6'1""",73,"6'1""",73,0,0,0,cleavga01
665019,Kody Clemens,2B,"6' 1""",73,"6'0""",72,"6'0""",72,-1,0,-1,clemeko01
624424,Michael Conforto,LF,"6' 1""",73,"5'11""",71,"5'11""",71,-2,0,-2,confomi01
661388,William Contreras,C,"5' 11""",71,"5'10""",70,"5'10""",70,-1,0,-1,contrwi02
621043,Carlos Correa,SS,"6' 4""",76,"6'3""",75,"6'3""",75,-1,0,-1,correca01
543056,Danny Coulombe,P,"5' 10""",70,"5'10""",70,"5'10""",70,0,0,0,couloda01
681297,Colton Cowser,LF,"6' 2""",74,"6'3""",75,"6'3""",75,1,0,1,cowseco01
681867,Cooper Criswell,P,"6' 6""",78,"6'6""",78,"6'6""",78,0,0,0,criswco01
676979,Garrett Crochet,P,"6' 6""",78,"6'6""",78,"6'6""",78,0,0,0,crochga01
691718,Pete Crow-Armstrong,CF,"5' 11""",71,"6'0""",72,"6'0""",72,1,0,1,crowape01
518585,Fernando Cruz,P,"6' 2""",74,"6'2""",74,"6'2""",74,0,0,0,cruzfe01
665833,Oneil Cruz,CF,"6' 7""",79,"6'7""",79,"6'7""",79,0,0,0,cruzon01
518595,Travis d'Arnaud,C,"6' 2""",74,"6'0""",72,"6'0""",72,-2,0,-2,darnatr01
594798,Jacob deGrom,P,"6' 4""",76,"6'4""",76,"6'4""",76,0,0,0,degroja01
672282,Reid Detmers,P,"6' 2""",74,"6'2""",74,"6'2""",74,0,0,0,detmere01
646240,Rafael Devers,DH,"6' 0""",72,"6'0""",72,"6'0""",72,0,0,0,deverra01
621242,Edwin Díaz,P,"6' 3""",75,"6'3""",75,"6'3""",75,0,0,0,diazed04
673237,Yainer Diaz,C,"6' 0""",72,"5'11""",71,"5'11""",71,-1,0,-1,diazya02
693307,Dillon Dingler,C,"6' 2""",74,"6'1""",73,"6'1""",73,-1,0,-1,redirect.fcgi?player=1&amp;mlb_ID=693307
622554,Seranthony Domínguez,P,"6' 1""",73,"6'1""",73,"6'1""",73,0,0,0,dominse01
680977,Brendan Donovan,2B,"6' 1""",73,"5'11""",71,"5'11""",71,-2,0,-2,donovbr01
666808,Camilo Doval,P,"6' 2""",74,"6'2""",74,"6'2""",74,0,0,0,dovalca01
686668,Brenton Doyle,CF,"6' 2""",74,"6'3""",75,"6'3""",75,1,0,1,doylebr02
621107,Zach Eflin,P,"6' 6""",78,"6'6""",78,"6'6""",78,0,0,0,eflinza01
693821,Bryce Elder,P,"6' 2""",74,"6'2""",74,"6'2""",74,0,0,0,elderbr01
669438,Mason Englert,P,"6' 4""",76,"6'4""",76,"6'4""",76,0,0,0,englema01
543135,Nathan Eovaldi,P,"6' 2""",74,"6'2""",74,"6'2""",74,0,0,0,eovalna01
668674,Lucas Erceg,P,"6' 2""",74,"6'2""",74,"6'2""",74,0,0,0,erceglu01
608032,Carlos Estévez,P,"6' 6""",78,"6'6""",78,"6'6""",78,0,0,0,estevca01
669093,Jeremiah Estrada,P,"6' 1""",73,"6'1""",73,"6'1""",73,0,0,0,estraje01
664126,Pete Fairbanks,P,"6' 6""",78,"6'6""",78,"6'6""",78,0,0,0,fairbpe01
663559,Bailey Falter,P,"6' 4""",76,"6'4""",76,"6'4""",76,0,0,0,falteba01
571657,Kyle Farmer,2B,"6' 0""",72,"5'11""",71,"5'11""",71,-1,0,-1,farmeky01
676534,Calvin Faucher,P,"6' 1""",73,"6'1""",73,"6'1""",73,0,0,0,fauchca01
607200,Erick Fedde,P,"6' 4""",76,"6'4""",76,"6'4""",76,0,0,0,feddeer01
676439,Hunter Feduccia,C,"6' 1""",73,"6'1""",73,"6'1""",73,0,0,0,redirect.fcgi?player=1&amp;mlb_ID=676439
663372,Ryan Feltner,P,"6' 4""",76,"6'4""",76,"6'4""",76,0,0,0,feltnry01
666023,Freddy Fermin,C,"5' 9""",69,"5'10""",70,"5'10""",70,1,0,1,fermifr01
665877,José Fermín,2B,"5' 9""",69,"5'10""",70,"5'10""",70,1,0,1,fermijo01
678606,Jose A. Ferrer,P,"6' 1""",73,"6'1""",73,"6'1""",73,0,0,0,ferrejo01
640448,Kyle Finnegan,P,"6' 2""",74,"6'2""",74,"6'2""",74,0,0,0,finneky01
656427,Jack Flaherty,P,"6' 4""",76,"6'4""",76,"6'4""",76,0,0,0,flaheja01
663743,Nick Fortes,C,"5' 11""",71,"5'11""",71,"5'11""",71,0,0,0,forteni01
641584,Jake Fraley,RF,"6' 0""",72,"5'11""",71,"5'11""",71,-1,0,-1,fraleja01
624428,Adam Frazier,2B,"5' 10""",70,"5'10""",70,"5'10""",70,0,0,0,fraziad01
607536,Kyle Freeland,P,"6' 4""",76,"6'4""",76,"6'4""",76,0,0,0,freelky01
518692,Freddie Freeman,1B,"6' 5""",77,"6'4""",76,"6'4""",76,-1,0,-1,freemfr01
608331,Max Fried,P,"6' 4""",76,"6'4""",76,"6'4""",76,0,0,0,friedma01
670770,TJ Friedl,CF,"5' 10""",70,"5'8""",68,"5'8""",68,-2,0,-2,friedtj01
681807,David Fry,1B,"6' 0""",72,"6'1""",73,"6'1""",73,1,0,1,fryda01
681892,Kody Funderburk,P,"6' 4""",76,"6'4""",76,"6'4""",76,0,0,0,fundeko01
668678,Zac Gallen,P,"6' 2""",74,"6'2""",74,"6'2""",74,0,0,0,galleza01
666969,Adolis García,RF,"6' 1""",73,"6'0""",72,"6'0""",72,-1,0,-1,garciad02
672580,Maikel Garcia,3B,"6' 0""",72,"6'1""",73,"6'1""",73,1,0,1,garcima01
676395,Robert Garcia,P,"6' 4""",76,"6'4""",76,"6'4""",76,0,0,0,garciro04
641598,Mitch Garver,C,"6' 1""",73,"6'1""",73,"6'1""",73,0,0,0,garvemi01
592332,Kevin Gausman,P,"6' 2""",74,"6'2""",74,"6'2""",74,0,0,0,gausmke01
669302,Logan Gilbert,P,"6' 6""",78,"6'6""",78,"6'6""",78,0,0,0,gilbelo01
665926,Andrés Giménez,2B,"5' 11""",71,"5'11""",71,"5'11""",71,0,0,0,gimenan01
656464,Kevin Ginkel,P,"6' 4""",76,"6'4""",76,"6'4""",76,0,0,0,ginkeke01
607192,Tyler Glasnow,P,"6' 8""",80,"6'8""",80,"6'8""",80,0,0,0,glasnty01
502671,Paul Goldschmidt,1B,"6' 3""",75,"6'2""",74,"6'2""",74,-1,0,-1,goldspa01
672782,Yoendrys Gómez,P,"6' 3""",75,"6'3""",75,"6'3""",75,0,0,0,gomezyo01
669022,MacKenzie Gore,P,"6' 2""",74,"6'2""",74,"6'2""",74,0,0,0,gorema01
669357,Nolan Gorman,2B,"6' 1""",73,"6'0""",72,"6'0""",72,-1,0,-1,gormano01
543243,Sonny Gray,P,"5' 10""",70,"5'10""",70,"5'10""",70,0,0,0,grayso01
682985,Riley Greene,LF,"6' 3""",75,"6'2""",74,"6'2""",74,-1,0,-1,greenri03
545341,Randal Grichuk,RF,"6' 2""",74,"6'0""",72,"6'0""",72,-2,0,-2,grichra01
663757,Trent Grisham,CF,"5' 11""",71,"5'10""",70,"5'10""",70,-1,0,-1,grishtr01
665489,Vladimir Guerrero Jr.,1B,"6' 2""",74,"6'0""",72,"6'0""",72,-2,0,-2,guerrvl02
664059,Sam Haggerty,CF,"5' 11""",71,"5'11""",71,"5'11""",71,0,0,0,haggesa01
669084,DL Hall,P,"6' 2""",74,"6'1""",73,"6'1""",73,-1,0,-1,halldl01
676106,Emerson Hancock,P,"6' 4""",76,"6'4""",76,"6'4""",76,0,0,0,hancoem01
690986,Kyle Harrison,P,"6' 2""",74,"6'2""",74,"6'2""",74,0,0,0,harriky01
640451,Hunter Harvey,P,"6' 3""",75,"6'3""",75,"6'3""",75,0,0,0,harvehu01
663647,Ke'Bryan Hayes,3B,"5' 11""",71,"5'11""",71,"5'11""",71,0,0,0,hayeske01
687396,Brent Headrick,P,"6' 6""",78,"6'6""",78,"6'6""",78,0,0,0,headrbr01
595978,Austin Hedges,C,"6' 1""",73,"6'0""",72,"6'0""",72,-1,0,-1,hedgeau01
641680,Jonah Heim,C,"6' 4""",76,"6'4""",76,"6'4""",76,0,0,0,heimjo01
623168,Tyler Heineman,C,"5' 10""",70,"5'10""",70,"5'10""",70,0,0,0,heinety01
664854,Ryan Helsley,P,"6' 2""",74,"6'2""",74,"6'2""",74,0,0,0,helslry01
683002,Gunnar Henderson,SS,"6' 3""",75,"6'3""",75,"6'3""",75,0,0,0,hendegu01
669371,Cole Henry,P,"6' 4""",76,"6'4""",76,"6'4""",76,0,0,0,redirect.fcgi?player=1&amp;mlb_ID=669371
623474,Jimmy Herget,P,"6' 3""",75,"6'3""",75,"6'3""",75,0,0,0,hergeji01
606192,Teoscar Hernández,RF,"6' 2""",74,"6'0""",72,"6'0""",72,-2,0,-2,hernate01
671056,Iván Herrera,C,"5' 11""",71,"5'11""",71,"5'11""",71,0,0,0,herreiv01
682120,Tim Herrin,P,"6' 6""",78,"6'6""",78,"6'6""",78,0,0,0,herriti01
663855,Jordan Hicks,P,"6' 2""",74,"6'2""",74,"6'2""",74,0,0,0,hicksjo03
657612,Tim Hill,P,"6' 4""",76,"6'4""",76,"6'4""",76,0,0,0,hillti01
663538,Nico Hoerner,2B,"6' 1""",73,"5'11""",71,"5'11""",71,-2,0,-2,hoernni01
656546,Jeff Hoffman,P,"6' 5""",77,"6'5""",77,"6'5""",77,0,0,0,hoffmje02
670059,Colin Holderman,P,"6' 4""",76,"6'6""",78,"6'6""",78,2,0,2,holdeco01
605280,Clay Holmes,P,"6' 5""",77,"6'5""",77,"6'5""",77,0,0,0,holmecl01
663947,Tyler Holton,P,"6' 2""",74,"6'2""",74,"6'2""",74,0,0,0,holtoty01
656555,Rhys Hoskins,1B,"6' 4""",76,"6'3""",75,"6'3""",75,-1,0,-1,hoskirh01
628451,Andy Ibáñez,3B,"5' 10""",70,"5'10""",70,"5'10""",70,0,0,0,ibanean01
628452,Raisel Iglesias,P,"6' 2""",74,"6'2""",74,"6'2""",74,0,0,0,iglesra01
684007,Shota Imanaga,P,"5' 10""",70,"5'10""",70,"5'10""",70,0,0,0,imanash01
663623,Jake Irvin,P,"6' 6""",78,"6'6""",78,"6'6""",78,0,0,0,irvinja01
664728,Kyle Isbel,CF,"5' 11""",71,"5'10""",70,"5'10""",70,-1,0,-1,isbelky01
445276,Kenley Jansen,P,"6' 5""",77,"6'5""",77,"6'5""",77,0,0,0,janseke01
664299,Cristian Javier,P,"6' 1""",73,"6'1""",73,"6'1""",73,0,0,0,javiecr01
643377,Griffin Jax,P,"6' 2""",74,"6'2""",74,"6'2""",74,0,0,0,jaxgr01
572955,Pierce Johnson,P,"6' 2""",74,"6'2""",74,"6'2""",74,0,0,0,johnspi01
663330,Jahmai Jones,RF,"6' 0""",72,"5'10""",70,"5'10""",70,-2,0,-2,jonesja08
592450,Aaron Judge,RF,"6' 7""",79,"6'7""",79,"6'7""",79,0,0,0,judgeaa01
673962,Josh Jung,3B,"6' 2""",74,"6'1""",73,"6'1""",73,-1,0,-1,jungjo01
596001,Jakob Junis,P,"6' 3""",75,"6'3""",75,"6'3""",75,0,0,0,junisja01
676083,Janson Junk,P,"6' 2""",74,"6'2""",74,"6'2""",74,0,0,0,junkja01
690993,Colt Keith,2B,"6' 2""",74,"6'2""",74,"6'2""",74,0,0,0,keithco01
641745,Brad Keller,P,"6' 5""",77,"6'5""",77,"6'5""",77,0,0,0,kellebr01
656605,Mitch Keller,P,"6' 3""",75,"6'3""",75,"6'3""",75,0,0,0,kellemi03
608348,Carson Kelly,C,"6' 2""",74,"6'1""",73,"6'1""",73,-1,0,-1,kellyca02
687330,Kevin Kelly,P,"6' 2""",74,"6'2""",74,"6'2""",74,0,0,0,kellyke02
687849,Zak Kent,P,"6' 3""",75,"6'3""",75,"6'3""",75,0,0,0,redirect.fcgi?player=1&amp;mlb_ID=687849
579328,Yusei Kikuchi,P,"6' 0""",72,"6'0""",72,"6'0""",72,0,0,0,kikucyu01
643396,Isiah Kiner-Falefa,SS,"5' 11""",71,"5'10""",70,"5'10""",70,-1,0,-1,kineris01
667463,John King,P,"6' 2""",74,"6'2""",74,"6'2""",74,0,0,0,kingjo01
650633,Michael King,P,"6' 3""",75,"6'3""",75,"6'3""",75,0,0,0,kingmi01
641755,Tyler Kinley,P,"6' 4""",76,"6'4""",76,"6'4""",76,0,0,0,kinlety01
669923,George Kirby,P,"6' 4""",76,"6'4""",76,"6'4""",76,0,0,0,kirbyge01
672386,Alejandro Kirk,C,"5' 8""",68,"5'8""",68,"5'8""",68,0,0,0,kirkal01
694361,Will Klein,P,"6' 5""",77,"6'5""",77,"6'5""",77,0,0,0,kleinwi01
686799,Jack Kochanowicz,P,"6' 7""",79,"6'7""",79,"6'7""",79,0,0,0,redirect.fcgi?player=1&amp;mlb_ID=686799
657649,Jared Koenig,P,"6' 5""",77,"6'5""",77,"6'5""",77,0,0,0,koenija01
680757,Steven Kwan,LF,"5' 9""",69,"5'8""",68,"5'8""",68,-1,0,-1,kwanst01
656638,Alex Lange,P,"6' 3""",75,"6'3""",75,"6'3""",75,0,0,0,langeal01
694671,Wyatt Langford,LF,"6' 0""",72,"6'0""",72,"6'0""",72,0,0,0,langfwy01
663616,Trevor Larnach,RF,"6' 4""",76,"6'3""",75,"6'3""",75,-1,0,-1,larnatr01
656641,Jacob Latz,P,"6' 2""",74,"6'2""",74,"6'2""",74,0,0,0,latzja01
691783,Jordan Lawlar,SS,"6' 1""",73,"6'0""",72,"6'0""",72,-1,0,-1,lawlajo01
664875,Justin Lawrence,P,"6' 3""",75,"6'3""",75,"6'3""",75,0,0,0,lawreju01
673929,Jordan Leasure,P,"6' 3""",75,"6'3""",75,"6'3""",75,0,0,0,leasujo01
669276,Dylan Lee,P,"6' 3""",75,"6'3""",75,"6'3""",75,0,0,0,leedy01
808982,Jung Hoo Lee,CF,"6' 1""",73,"6'0""",72,"6'0""",72,-1,0,-1,leeju01
668984,Casey Legumina,P,"6' 2""",74,"6'2""",74,"6'2""",74,0,0,0,legumca01
683004,Jack Leiter,P,"6' 1""",73,"6'1""",73,"6'1""",73,0,0,0,leiteja01
643410,Mark Leiter Jr.,P,"6' 0""",72,"6'0""",72,"6'0""",72,0,0,0,leitema02
668904,Royce Lewis,3B,"6' 2""",74,"6'0""",72,"6'0""",72,-2,0,-2,lewisro02
669461,Matthew Liberatore,P,"6' 4""",76,"6'4""",76,"6'4""",76,0,0,0,liberma01
596019,Francisco Lindor,SS,"5' 11""",71,"5'10""",70,"5'10""",70,-1,0,-1,lindofr01
641793,Zack Littell,P,"6' 4""",76,"6'4""",76,"6'4""",76,0,0,0,litteza01
663893,Brendon Little,P,"6' 2""",74,"6'2""",74,"6'2""",74,0,0,0,littlbr02
642528,Jonathan Loáisiga,P,"5' 11""",71,"5'11""",71,"5'11""",71,0,0,0,loaisjo01
625643,Reynaldo López,P,"6' 1""",73,"6'1""",73,"6'1""",73,0,0,0,lopezre01
663992,Richard Lovelady,P,"6' 0""",72,"6'0""",72,"6'0""",72,0,0,0,lovelri01
663993,Nathaniel Lowe,1B,"6' 4""",76,"6'4""",76,"6'4""",76,0,0,0,lowena01
664192,Joey Lucchesi,P,"6' 5""",77,"6'5""",77,"6'5""",77,0,0,0,lucchjo01
607625,Seth Lugo,P,"6' 4""",76,"6'4""",76,"6'4""",76,0,0,0,lugose01
664770,Nathan Lukes,RF,"5' 11""",71,"5'11""",71,"5'11""",71,0,0,0,lukesna01
666200,Jesús Luzardo,P,"6' 0""",72,"6'0""",72,"6'0""",72,0,0,0,luzarje01
663738,Daniel Lynch IV,P,"6' 6""",78,"6'6""",78,"6'6""",78,0,0,0,lynchda02
592518,Manny Machado,3B,"6' 3""",75,"6'2""",74,"6'2""",74,-1,0,-1,machama01
641816,Tyler Mahle,P,"6' 3""",75,"6'3""",75,"6'3""",75,0,0,0,mahlety01
640455,Sean Manaea,P,"6' 5""",77,"6'5""",77,"6'5""",77,0,0,0,manaese01
665561,Rafael Marchán,C,"5' 9""",69,"5'9""",69,"5'9""",69,0,0,0,marchra01
676760,Ron Marinaccio,P,"6' 2""",74,"6'2""",74,"6'2""",74,0,0,0,marinro01
608566,Germán Márquez,P,"6' 1""",73,"6'1""",73,"6'1""",73,0,0,0,marquge01
669016,Brandon Marsh,CF,"6' 4""",76,"6'2""",74,"6'2""",74,-2,0,-2,marshbr02
606466,Ketel Marte,2B,"6' 1""",73,"6'0""",72,"6'0""",72,-1,0,-1,marteke01
516782,Starling Marte,LF,"6' 1""",73,"6'0""",72,"6'0""",72,-1,0,-1,martest01
455119,Chris Martin,P,"6' 8""",80,"6'8""",80,"6'8""",80,0,0,0,martich02
663436,Davis Martin,P,"6' 1""",73,"6'2""",74,"6'2""",74,1,0,1,martida03
607259,Nick Martinez,P,"6' 1""",73,"6'1""",73,"6'1""",73,0,0,0,martini01
664208,Phil Maton,P,"6' 2""",74,"6'2""",74,"6'2""",74,0,0,0,matonph01
571927,Steven Matz,P,"6' 2""",74,"6'2""",74,"6'2""",74,0,0,0,matzst01
669160,Dustin May,P,"6' 6""",78,"6'6""",78,"6'6""",78,0,0,0,maydu01
641835,Tim Mayza,P,"6' 3""",75,"6'3""",75,"6'3""",75,0,0,0,mayzati01
621121,Lance McCullers Jr.,P,"6' 1""",73,"6'1""",73,"6'1""",73,0,0,0,mcculla02
457705,Andrew McCutchen,RF,"5' 10""",70,"5'10""",70,"5'10""",70,0,0,0,mccutan01
624512,Reese McGuire,C,"6' 0""",72,"6'0""",72,"6'0""",72,0,0,0,mcguire01
641857,Ryan McMahon,3B,"6' 2""",74,"6'2""",74,"6'2""",74,0,0,0,mcmahry01
643446,Jeff McNeil,2B,"6' 1""",73,"6'0""",72,"6'0""",72,-1,0,-1,mcneije01
678009,Parker Meadows,CF,"6' 5""",77,"6'5""",77,"6'5""",77,0,0,0,meadopa01
683232,Nick Mears,P,"6' 2""",74,"6'3""",75,"6'3""",75,1,0,1,mearsni01
656730,Trevor Megill,P,"6' 8""",80,"6'8""",80,"6'8""",80,0,0,0,megiltr01
675848,Juan Mejia,P,"6' 3""",75,"6'3""",75,"6'3""",75,0,0,0,redirect.fcgi?player=1&amp;mlb_ID=675848
676974,Max Meyer,P,"6' 0""",72,"6'0""",72,"6'0""",72,0,0,0,meyerma01
676694,Jake Meyers,CF,"6' 0""",72,"6'0""",72,"6'0""",72,0,0,0,meyerja02
571945,Miles Mikolas,P,"6' 4""",76,"6'4""",76,"6'4""",76,0,0,0,mikolmi01
669062,Erik Miller,P,"6' 5""",77,"6'5""",77,"6'5""",77,0,0,0,milleer01
695243,Mason Miller,P,"6' 5""",77,"6'5""",77,"6'5""",77,0,0,0,millema03
571948,Hoby Milner,P,"6' 3""",75,"6'3""",75,"6'3""",75,0,0,0,milneho01
669003,Garrett Mitchell,CF,"6' 3""",75,"6'2""",74,"6'2""",74,-1,0,-1,mitchga01
663554,Casey Mize,P,"6' 3""",75,"6'3""",75,"6'3""",75,0,0,0,mizeca01
669387,Carmen Mlodzinski,P,"6' 2""",74,"6'2""",74,"6'2""",74,0,0,0,mlodzca01
594580,Sam Moll,P,"5' 9""",69,"5'9""",69,"5'9""",69,0,0,0,mollsa01
655316,Andruw Monasterio,SS,"5' 11""",71,"5'11""",71,"5'11""",71,0,0,0,monasan01
660162,Yoán Moncada,3B,"6' 2""",74,"6'0""",72,"6'0""",72,-2,0,-2,moncayo01
666624,Christopher Morel,LF,"5' 11""",71,"6'0""",72,"6'0""",72,1,0,1,morelch01
672515,Gabriel Moreno,C,"5' 11""",71,"5'9""",69,"5'9""",69,-2,0,-2,morenga01
663624,Ryan Mountcastle,1B,"6' 4""",76,"6'3""",75,"6'3""",75,-1,0,-1,mountry01
662253,Andrés Muñoz,P,"6' 2""",74,"6'2""",74,"6'2""",74,0,0,0,munozan01
682610,Roddery Muñoz,P,"6' 2""",74,"6'2""",74,"6'2""",74,0,0,0,munozro01
669684,Chris Murphy,P,"6' 1""",73,"6'1""",73,"6'1""",73,0,0,0,murphch01
667472,Dane Myers,CF,"6' 0""",72,"6'0""",72,"6'0""",72,0,0,0,myersda01
668964,Tobias Myers,P,"6' 1""",73,"6'1""",73,"6'1""",73,0,0,0,myersto01
647304,Josh Naylor,1B,"5' 11""",71,"5'10""",70,"5'10""",70,-1,0,-1,naylojo01
669194,Ryne Nelson,P,"6' 3""",75,"6'3""",75,"6'3""",75,0,0,0,nelsory01
687263,Zach Neto,SS,"6' 0""",72,"5'11""",71,"5'11""",71,-1,0,-1,netoza01
656794,Sean Newcomb,P,"6' 5""",77,"6'5""",77,"6'5""",77,0,0,0,newcose01
605400,Aaron Nola,P,"6' 2""",74,"6'2""",74,"6'2""",74,0,0,0,nolaaa01
683083,Nasim Nuñez,SS,"5' 9""",69,"5'8""",68,"5'8""",68,-1,0,-1,nunezna01
676617,Riley O'Brien,P,"6' 4""",76,"6'4""",76,"6'4""",76,0,0,0,obrieri01
656811,Ryan O'Hearn,1B,"6' 3""",75,"6'2""",74,"6'2""",74,-1,0,-1,ohearry01
681351,Logan O'Hoppe,C,"6' 2""",74,"6'2""",74,"6'2""",74,0,0,0,ohopplo01
641927,Bailey Ober,P,"6' 9""",81,"6'9""",81,"6'9""",81,0,0,0,oberba01
595345,Steven Okert,P,"6' 2""",74,"6'2""",74,"6'2""",74,0,0,0,okertst01
621566,Matt Olson,1B,"6' 5""",77,"6'4""",76,"6'4""",76,-1,0,-1,olsonma02
687401,Joey Ortiz,SS,"5' 9""",69,"5'10""",70,"5'10""",70,1,0,1,ortizjo06
681546,James Outman,CF,"6' 3""",75,"6'2""",74,"6'2""",74,-1,0,-1,outmaja01
670912,Johan Oviedo,P,"6' 5""",77,"6'6""",78,"6'6""",78,1,0,1,oviedjo01
542303,Marcell Ozuna,DH,"6' 1""",73,"6'1""",73,"6'1""",73,0,0,0,ozunama01
663978,Chris Paddack,P,"6' 5""",77,"6'5""",77,"6'5""",77,0,0,0,paddach01
641941,Emilio Pagán,P,"6' 2""",74,"6'2""",74,"6'2""",74,0,0,0,paganem01
681624,Andy Pages,CF,"6' 0""",72,"6'1""",73,"6'1""",73,1,0,1,pagesan01
686780,Pedro Pagés,C,"6' 1""",73,"5'11""",71,"5'11""",71,-2,0,-2,redirect.fcgi?player=1&amp;mlb_ID=686780
694037,Daniel Palencia,P,"5' 11""",71,"5'11""",71,"5'11""",71,0,0,0,palenda01
669467,Andre Pallante,P,"6' 0""",72,"6'0""",72,"6'0""",72,0,0,0,pallaan01
670623,Isaac Paredes,3B,"5' 11""",71,"5'11""",71,"5'11""",71,0,0,0,paredis01
686469,Vinnie Pasquantino,1B,"6' 4""",76,"6'3""",75,"6'3""",75,-1,0,-1,pasquvi01
688363,Graham Pauley,3B,"6' 1""",73,"6'1""",73,"6'1""",73,0,0,0,paulegr01
606303,Joel Payamps,P,"6' 2""",74,"6'3""",75,"6'3""",75,1,0,1,payamjo01
592626,Joc Pederson,1B,"6' 1""",73,"6'1""",73,"6'1""",73,0,0,0,pederjo01
642547,Freddy Peralta,P,"6' 0""",72,"6'0""",72,"6'0""",72,0,0,0,peralfr01
593974,Wandy Peralta,P,"6' 0""",72,"6'0""",72,"6'0""",72,0,0,0,peralwa01
672724,Oswald Peraza,3B,"6' 0""",72,"5'11""",71,"5'11""",71,-1,0,-1,perazos02
672695,Geraldo Perdomo,SS,"6' 2""",74,"6'2""",74,"6'2""",74,0,0,0,perdoge01
677592,Everson Pereira,CF,"5' 11""",71,"5'11""",71,"5'11""",71,0,0,0,pereiev01
672335,Cionel Pérez,P,"6' 0""",72,"6'0""",72,"6'0""",72,0,0,0,perezci01
691587,Eury Pérez,P,"6' 8""",80,"6'8""",80,"6'8""",80,0,0,0,perezeu02
663368,Blake Perkins,CF,"6' 0""",72,"6'0""",72,"6'0""",72,0,0,0,perkibl01
656849,David Peterson,P,"6' 6""",78,"6'6""",78,"6'6""",78,0,0,0,peterda01
694297,Brandon Pfaadt,P,"6' 4""",76,"6'4""",76,"6'4""",76,0,0,0,pfaadbr01
683175,Connor Phillips,P,"6' 2""",74,"6'2""",74,"6'2""",74,0,0,0,phillco01
601713,Nick Pivetta,P,"6' 5""",77,"6'5""",77,"6'5""",77,0,0,0,pivetni01
593871,Jorge Polanco,2B,"5' 11""",71,"6'0""",72,"6'0""",72,1,0,1,polanjo01
647315,Zach Pop,P,"6' 4""",76,"6'4""",76,"6'4""",76,0,0,0,popza01
500779,Jose Quintana,P,"6' 1""",73,"6'2""",74,"6'2""",74,1,0,1,quintjo01
678882,Ceddanne Rafaela,CF,"5' 9""",69,"5'10""",70,"5'10""",70,1,0,1,rafaece01
666142,Cole Ragans,P,"6' 4""",76,"6'4""",76,"6'4""",76,0,0,0,raganco01
663728,Cal Raleigh,C,"6' 3""",75,"6'2""",74,"6'2""",74,-1,0,-1,raleica01
548384,Brooks Raley,P,"6' 3""",75,"6'3""",75,"6'3""",75,0,0,0,raleybr01
670042,Luke Raley,RF,"6' 4""",76,"6'3""",75,"6'3""",75,-1,0,-1,raleylu01
682663,Agustín Ramírez,C,"6' 0""",72,"6'1""",73,"6'1""",73,1,0,1,redirect.fcgi?player=1&amp;mlb_ID=682663
608070,José Ramírez,3B,"5' 9""",69,"5'8""",68,"5'8""",68,-1,0,-1,ramirjo01
670990,Yohan Ramírez,P,"6' 4""",76,"6'3""",75,"6'3""",75,-1,0,-1,ramiryo01
671218,Heliot Ramos,LF,"5' 11""",71,"5'11""",71,"5'11""",71,0,0,0,ramoshe02
656876,Drew Rasmussen,P,"6' 1""",73,"6'1""",73,"6'1""",73,0,0,0,rasmudr01
592662,Robbie Ray,P,"6' 2""",74,"6'2""",74,"6'2""",74,0,0,0,rayro02
607067,Colin Rea,P,"6' 5""",77,"6'5""",77,"6'5""",77,0,0,0,reaco01
592663,J.T. Realmuto,C,"6' 1""",73,"6'0""",72,"6'0""",72,-1,0,-1,realmjt01
668804,Bryan Reynolds,RF,"6' 2""",74,"6'2""",74,"6'2""",74,0,0,0,reynobr01
685005,Christian Roa,P,"6' 4""",76,"6'4""",76,"6'4""",76,0,0,0,redirect.fcgi?player=1&amp;mlb_ID=685005
673357,Luis Robert Jr.,CF,"6' 2""",74,"6'2""",74,"6'2""",74,0,0,0,roberlu01
677587,Brayan Rocchio,SS,"5' 10""",70,"5'9""",69,"5'9""",69,-1,0,-1,rocchbr01
573124,Taylor Rogers,P,"6' 3""",75,"6'3""",75,"6'3""",75,0,0,0,rogerta01
669432,Trevor Rogers,P,"6' 5""",77,"6'5""",77,"6'5""",77,0,0,0,rogertr01
643511,Tyler Rogers,P,"6' 3""",75,"6'3""",75,"6'3""",75,0,0,0,rogerty01
605447,Jordan Romano,P,"6' 5""",77,"6'5""",77,"6'5""",77,0,0,0,romanjo03
668941,JoJo Romero,P,"5' 11""",71,"5'11""",71,"5'11""",71,0,0,0,romerjo01
605452,Joe Ross,P,"6' 4""",76,"6'4""",76,"6'4""",76,0,0,0,rossjo01
694738,Landen Roupp,P,"6' 2""",74,"6'2""",74,"6'2""",74,0,0,0,rouppla01
657746,Joe Ryan,P,"6' 2""",74,"6'2""",74,"6'2""",74,0,0,0,ryanjo04
519242,Chris Sale,P,"6' 6""",78,"6'6""",78,"6'6""",78,0,0,0,salech01
596142,Gary Sánchez,C,"6' 2""",74,"6'2""",74,"6'2""",74,0,0,0,sanchga02
663485,Cole Sands,P,"6' 3""",75,"6'3""",75,"6'3""",75,0,0,0,sandsco01
467793,Carlos Santana,1B,"5' 11""",71,"5'10""",70,"5'10""",70,-1,0,-1,santaca01
642701,Dennis Santana,P,"6' 2""",74,"6'2""",74,"6'2""",74,0,0,0,santade01
694384,Nolan Schanuel,1B,"6' 4""",76,"6'2""",74,"6'2""",74,-2,0,-2,schanno01
453286,Max Scherzer,P,"6' 3""",75,"6'3""",75,"6'3""",75,0,0,0,scherma01
669477,Casey Schmitt,3B,"6' 2""",74,"6'0""",72,"6'0""",72,-2,0,-2,schmica01
670167,John Schreiber,P,"6' 2""",74,"6'2""",74,"6'2""",74,0,0,0,schrejo01
656941,Kyle Schwarber,LF,"6' 0""",72,"5'11""",71,"5'11""",71,-1,0,-1,schwaky01
656945,Tanner Scott,P,"6' 0""",72,"6'0""",72,"6'0""",72,0,0,0,scottta01
543760,Marcus Semien,2B,"6' 0""",72,"6'0""",72,"6'0""",72,0,0,0,semiema01
673540,Kodai Senga,P,"6' 1""",73,"6'1""",73,"6'1""",73,0,0,0,sengako01
622608,Antonio Senzatela,P,"6' 1""",73,"6'1""",73,"6'1""",73,0,0,0,senzaan01
623149,Paul Sewald,P,"6' 3""",75,"6'3""",75,"6'3""",75,0,0,0,sewalpa01
686218,Emmet Sheehan,P,"6' 5""",77,"6'5""",77,"6'5""",77,0,0,0,sheehem01
657757,Gavin Sheets,LF,"6' 5""",77,"6'3""",75,"6'3""",75,-2,0,-2,sheetga01
681217,Chase Silseth,P,"6' 0""",72,"6'0""",72,"6'0""",72,0,0,0,silsech01
663903,Brady Singer,P,"6' 5""",77,"6'5""",77,"6'5""",77,0,0,0,singebr01
694973,Paul Skenes,P,"6' 6""",78,"6'6""",78,"6'6""",78,0,0,0,skenepa01
669373,Tarik Skubal,P,"6' 3""",75,"6'3""",75,"6'3""",75,0,0,0,skubata01
686580,Justin Slaten,P,"6' 4""",76,"6'4""",76,"6'4""",76,0,0,0,slateju01
596103,Austin Slater,LF,"6' 1""",73,"6'1""",73,"6'1""",73,0,0,0,slateau01
671922,Cade Smith,P,"6' 5""",77,"6'5""",77,"6'5""",77,0,0,0,smithca06
669701,Josh Smith,SS,"5' 10""",70,"5'9""",69,"5'9""",69,-1,0,-1,smithjo11
656976,Pavin Smith,1B,"6' 2""",74,"6'2""",74,"6'2""",74,0,0,0,smithpa04
669257,Will Smith,C,"5' 10""",70,"5'10""",70,"5'10""",70,0,0,0,smithwi05
666277,George Soriano,P,"6' 2""",74,"6'2""",74,"6'2""",74,0,0,0,soriage01
667755,José Soriano,P,"6' 3""",75,"6'3""",75,"6'3""",75,0,0,0,soriajo02
647336,Michael Soroka,P,"6' 5""",77,"6'5""",77,"6'5""",77,0,0,0,sorokmi01
672820,Lenyn Sosa,2B,"6' 0""",72,"5'11""",71,"5'11""",71,-1,0,-1,sosale01
642397,Gregory Soto,P,"6' 1""",73,"6'1""",73,"6'1""",73,0,0,0,sotogr01
665742,Juan Soto,RF,"6' 2""",74,"6'1""",73,"6'1""",73,-1,0,-1,sotoju01
642100,Gabe Speier,P,"5' 11""",71,"5'11""",71,"5'11""",71,0,0,0,speiega01
543807,George Springer,RF,"6' 3""",75,"6'1""",73,"6'1""",73,-2,0,-2,springe01
592773,Ryne Stanek,P,"6' 4""",76,"6'4""",76,"6'4""",76,0,0,0,stanery01
668715,Spencer Steer,1B,"5' 11""",71,"5'9""",69,"5'9""",69,-2,0,-2,steersp01
663886,Tyler Stephenson,C,"6' 4""",76,"6'3""",75,"6'3""",75,-1,0,-1,stephty01
596115,Trevor Story,SS,"6' 2""",74,"6'1""",73,"6'1""",73,-1,0,-1,storytr01
621381,Matt Strahm,P,"6' 2""",74,"6'2""",74,"6'2""",74,0,0,0,strahma01
553993,Eugenio Suárez,3B,"5' 11""",71,"5'11""",71,"5'11""",71,0,0,0,suareeu01
660761,José Suarez,P,"5' 10""",70,"5'10""",70,"5'10""",70,0,0,0,suarejo01
663158,Robert Suarez,P,"6' 2""",74,"6'2""",74,"6'2""",74,0,0,0,suarero01
664954,Brett Sullivan,C,"5' 10""",70,"5'11""",71,"5'11""",71,1,0,1,sullibr01
642121,Cole Sulser,P,"6' 1""",73,"6'0""",72,"6'0""",72,-1,0,-1,sulseco01
608718,Brent Suter,P,"6' 4""",76,"6'4""",76,"6'4""",76,0,0,0,suterbr01
621020,Dansby Swanson,SS,"6' 1""",73,"6'0""",72,"6'0""",72,-1,0,-1,swansda01
592791,Jameson Taillon,P,"6' 5""",77,"6'5""",77,"6'5""",77,0,0,0,taillja01
665487,Fernando Tatis Jr.,RF,"6' 3""",75,"6'3""",75,"6'3""",75,0,0,0,tatisfe02
665750,Leody Taveras,OF,"6' 2""",74,"6'2""",74,"6'2""",74,0,0,0,taverle01
678906,Kai-Wei Teng,P,"6' 4""",76,"6'4""",76,"6'4""",76,0,0,0,tengka01
573204,Caleb Thielbar,P,"6' 0""",72,"6'0""",72,"6'0""",72,0,0,0,thielca01
677950,Alek Thomas,CF,"5' 11""",71,"5'9""",69,"5'9""",69,-2,0,-2,thomaal01
657041,Lane Thomas,CF,"6' 0""",72,"5'11""",71,"5'11""",71,-1,0,-1,thomala02
657044,Ryan Thompson,P,"6' 5""",77,"6'5""",77,"6'5""",77,0,0,0,thompry02
623437,Justin Topa,P,"6' 4""",76,"6'4""",76,"6'4""",76,0,0,0,topaju01
679529,Spencer Torkelson,1B,"6' 1""",73,"6'1""",73,"6'1""",73,0,0,0,torkesp01
678662,Ezequiel Tovar,SS,"6' 0""",72,"6'0""",72,"6'0""",72,0,0,0,tovarez01
595014,Blake Treinen,P,"6' 5""",77,"6'5""",77,"6'5""",77,0,0,0,treinbl01
624431,Jose Trevino,C,"5' 10""",70,"5'9""",69,"5'9""",69,-1,0,-1,trevijo01
669707,Jared Triolo,SS,"6' 3""",75,"6'3""",75,"6'3""",75,0,0,0,triolja01
607208,Trea Turner,SS,"6' 2""",74,"6'1""",73,"6'1""",73,-1,0,-1,turnetr01
602104,Ramón Urías,3B,"5' 10""",70,"5'9""",69,"5'9""",69,-1,0,-1,uriasra01
682842,Abner Uribe,P,"6' 3""",75,"6'3""",75,"6'3""",75,0,0,0,uribeab01
664353,José Urquidy,P,"6' 0""",72,"6'0""",72,"6'0""",72,0,0,0,urquijo01
664285,Framber Valdez,P,"5' 11""",71,"5'11""",71,"5'11""",71,0,0,0,valdefr01
672841,Carlos Vargas,P,"6' 4""",76,"6'4""",76,"6'4""",76,0,0,0,vargaca01
545121,Ildemaro Vargas,2B,"6' 0""",72,"5'11""",71,"5'11""",71,-1,0,-1,vargail01
678246,Miguel Vargas,3B,"6' 2""",74,"6'2""",74,"6'2""",74,0,0,0,vargami01
662139,Daulton Varsho,CF,"5' 8""",68,"5'8""",68,"5'8""",68,0,0,0,varshda01
681190,Randy Vásquez,P,"6' 0""",72,"6'0""",72,"6'0""",72,0,0,0,vasqura02
683734,Andrew Vaughn,1B,"6' 0""",72,"5'10""",70,"5'10""",70,-2,0,-2,vaughan01
543877,Christian Vázquez,C,"5' 9""",69,"5'8""",68,"5'8""",68,-1,0,-1,vazquch01
434378,Justin Verlander,P,"6' 5""",77,"6'5""",77,"6'5""",77,0,0,0,verlaju01
681911,Alex Vesia,P,"6' 1""",73,"6'1""",73,"6'1""",73,0,0,0,vesiaal01
676684,Will Vest,P,"6' 0""",72,"6'0""",72,"6'0""",72,0,0,0,vestwi01
668901,Mark Vientos,3B,"6' 4""",76,"6'3""",75,"6'3""",75,-1,0,-1,vientma01
678391,Jorbit Vivas,2B,"5' 10""",70,"5'9""",69,"5'9""",69,-1,0,-1,redirect.fcgi?player=1&amp;mlb_ID=678391
680767,Victor Vodnik,P,"6' 0""",72,"6'0""",72,"6'0""",72,0,0,0,vodnivi01
608379,Michael Wacha,P,"6' 6""",78,"6'6""",78,"6'6""",78,0,0,0,wachami01
572233,Christian Walker,1B,"6' 0""",72,"5'11""",71,"5'11""",71,-1,0,-1,walkech02
691023,Jordan Walker,RF,"6' 6""",78,"6'6""",78,"6'6""",78,0,0,0,walkejo02
676254,Ryan Walker,P,"6' 2""",74,"6'2""",74,"6'2""",74,0,0,0,walkery01
592836,Taijuan Walker,P,"6' 4""",76,"6'4""",76,"6'4""",76,0,0,0,walketa01
670242,Matt Wallner,RF,"6' 4""",76,"6'4""",76,"6'4""",76,0,0,0,wallnma01
621493,Taylor Ward,LF,"6' 1""",73,"6'0""",72,"6'0""",72,-1,0,-1,wardta01
677960,Ryan Weathers,P,"6' 1""",73,"6'1""",73,"6'1""",73,0,0,0,weathry01
596133,Luke Weaver,P,"6' 2""",74,"6'2""",74,"6'2""",74,0,0,0,weavelu01
657097,Jacob Webb,P,"6' 2""",74,"6'2""",74,"6'2""",74,0,0,0,webbja01
669711,Greg Weissert,P,"6' 2""",74,"6'2""",74,"6'2""",74,0,0,0,weissgr01
669224,Austin Wells,C,"6' 2""",74,"6'1""",73,"6'1""",73,-1,0,-1,wellsau01
669330,Tyler Wells,P,"6' 8""",80,"6'8""",80,"6'8""",80,0,0,0,wellsty01
676477,Garrett Whitlock,P,"6' 5""",77,"6'5""",77,"6'5""",77,0,0,0,whitlga01
686894,Joey Wiemer,LF,"6' 4""",76,"6'4""",76,"6'4""",76,0,0,0,wiemejo01
642207,Devin Williams,P,"6' 2""",74,"6'2""",74,"6'2""",74,0,0,0,willide03
668909,Gavin Williams,P,"6' 6""",78,"6'6""",78,"6'6""",78,0,0,0,williga01
668390,Cole Winn,P,"6' 2""",74,"6'2""",74,"6'2""",74,0,0,0,winnco01
676775,Keaton Winn,P,"6' 4""",76,"6'4""",76,"6'4""",76,0,0,0,winnke01
691026,Masyn Winn,SS,"5' 11""",71,"5'9""",69,"5'9""",69,-2,0,-2,winnma01
677951,Bobby Witt Jr.,SS,"6' 1""",73,"6'1""",73,"6'1""",73,0,0,0,wittbo02
657136,Connor Wong,C,"6' 1""",73,"5'10""",70,"5'10""",70,-3,0,-3,wongco01
693433,Bryan Woo,P,"6' 2""",74,"6'2""",74,"6'2""",74,0,0,0,woobr01
605540,Brandon Woodruff,P,"6' 4""",76,"6'4""",76,"6'4""",76,0,0,0,woodrbr01
680573,Simeon Woods Richardson,P,"6' 3""",75,"6'3""",75,"6'3""",75,0,0,0,woodssi01
808967,Yoshinobu Yamamoto,P,"5' 10""",70,"5'10""",70,"5'10""",70,0,0,0,yamamyo01
642232,Ryan Yarbrough,P,"6' 5""",77,"6'5""",77,"6'5""",77,0,0,0,yarbrry01
807799,Masataka Yoshida,LF,"5' 8""",68,"5'8""",68,"5'8""",68,0,0,0,yoshima02
696285,Jacob Young,CF,"5' 11""",71,"5'11""",71,"5'11""",71,0,0,0,youngja03
664141,JT Brubaker,P,"6' 3""",75,"6'3""",75,"6'4""",76,0,1,1,brubajt01
600869,Jeimer Candelario,3B,"6' 2""",74,"6'0""",72,"6'1""",73,-2,1,-1,candeje01
676391,Ernie Clement,3B,"6' 0""",72,"5'11""",71,"6'0""",72,-1,1,0,clemeer01
682829,Elly De La Cruz,SS,"6' 5""",77,"6'5""",77,"6'6""",78,0,1,1,delacel01
669364,Xavier Edwards,SS,"5' 10""",70,"5'8""",68,"5'9""",69,-2,1,-1,edwarxa01
686217,Sal Frelick,RF,"5' 8""",68,"5'8""",68,"5'9""",69,0,1,1,frelisa01
472610,Luis García,P,"6' 2""",74,"6'1""",73,"6'2""",74,-1,1,0,garcilu03
543309,Kyle Higashioka,C,"6' 1""",73,"6'0""",72,"6'1""",73,-1,1,0,higasky01
605288,Adrian Houser,P,"6' 3""",75,"6'3""",75,"6'4""",76,0,1,1,housead01
643376,Danny Jansen,C,"6' 2""",74,"6'1""",73,"6'2""",74,-1,1,0,janseda01
666397,Edouard Julien,2B,"6' 0""",72,"6'0""",72,"6'1""",73,0,1,1,julieed01
664238,Dylan Moore,2B,"6' 0""",72,"6'0""",72,"6'1""",73,0,1,1,mooredy01
660271,Shohei Ohtani,TWP,"6' 4""",76,"6'3""",75,"6'4""",76,-1,1,0,ohtansh01
677594,Julio Rodríguez,CF,"6' 3""",75,"6'3""",75,"6'4""",76,0,1,1,rodriju01
608369,Corey Seager,SS,"6' 4""",76,"6'3""",75,"6'4""",76,-1,1,0,seageco01
668930,Brice Turang,2B,"6' 0""",72,"5'11""",71,"6'0""",72,-1,1,0,turanbr02
657277,Logan Webb,P,"6' 1""",73,"6'1""",73,"6'2""",74,0,1,1,webblo01
592885,Christian Yelich,LF,"6' 3""",75,"6'3""",75,"6'4""",76,0,1,1,yelicch01
